t,proc_rss_mb,proc_fds,proc_threads,sys_used_pct,sys_used_mb,sys_avail_mb,health_ok,alive,workers_running,workers_total,any_hang,frames_total,fps_est,reconnects_total,restarts_total,hangs_cum,alarms_total,alarms_delta,worker_errors,new_errors,probe_fail
0.0,3205.74,,108,40.5,26658.8,39246.7,1,1,0,,0,0,,0,0,0,,,0,0,1
60.1,3209.28,,109,40.5,26664.8,39240.7,1,1,0,,0,0,0.0,0,0,0,,,0,0,1
120.2,3450.93,,110,40.9,26943.0,38962.4,1,1,0,,0,0,0.0,0,0,0,,,0,0,1
180.3,3420.85,,110,41.0,26989.0,38916.5,1,1,0,,0,0,0.0,0,0,0,,,0,0,1
240.4,3430.17,,110,41.1,27056.9,38848.6,1,1,0,,0,0,0.0,0,0,0,,,0,0,1
300.4,3430.26,,110,41.0,27010.8,38894.6,1,1,0,,0,0,0.0,0,0,0,,,0,0,1
360.5,3416.35,,110,41.0,27015.3,38890.1,1,1,0,,0,0,0.0,0,0,0,,,0,0,1
420.1,3416.33,,109,41.2,27139.4,38766.0,1,1,0,,0,0,0.0,0,0,0,,,0,0,1
480.2,3416.21,,109,40.6,26775.8,39129.7,1,1,0,,0,0,0.0,0,0,0,,,0,0,1
540.3,3416.19,,109,40.9,26969.9,38935.6,1,1,0,,0,0,0.0,0,0,0,,,0,0,1
600.3,3416.25,,110,41.0,26995.6,38909.8,1,1,0,,0,0,0.0,0,0,0,,,0,0,1
660.4,3430.31,,109,41.1,27069.3,38836.1,1,1,0,,0,0,0.0,0,0,0,,,0,0,1
720.0,3430.1,,109,41.4,27287.1,38618.4,1,1,0,,0,0,0.0,0,0,0,,,0,0,1
780.1,3430.07,,109,41.4,27262.4,38643.1,1,1,0,,0,0,0.0,0,0,0,,,0,0,1
840.2,3416.08,,109,41.6,27383.7,38521.7,1,1,0,,0,0,0.0,0,0,0,,,0,0,1
900.2,3417.09,,109,41.4,27288.3,38617.2,1,1,0,,0,0,0.0,0,0,0,,,0,0,1
960.3,3432.33,,109,41.7,27478.3,38427.1,1,1,0,,0,0,0.0,0,0,0,,,0,0,1
1020.4,3415.91,,109,41.6,27429.0,38476.4,1,1,0,,0,0,0.0,0,0,0,,,0,0,1
1080.4,3416.0,,109,41.7,27468.1,38437.3,1,1,0,,0,0,0.0,0,0,0,,,0,0,1
1140.0,3416.36,,109,41.6,27442.3,38463.2,1,1,0,,0,0,0.0,0,0,0,,,0,0,1
1200.1,3416.54,,109,41.8,27551.8,38353.6,1,1,0,,0,0,0.0,0,0,0,,,0,0,1
1260.2,3416.11,,109,41.7,27508.1,38397.4,1,1,0,,0,0,0.0,0,0,0,,,0,0,1
1320.2,3429.93,,109,41.9,27616.7,38288.8,1,1,0,,0,0,0.0,0,0,0,,,0,0,1
1380.3,3416.94,,109,41.9,27584.6,38320.8,1,1,0,,0,0,0.0,0,0,0,,,0,0,1
1440.4,3431.04,,109,42.0,27683.0,38222.4,1,1,0,,0,0,0.0,0,0,0,,,0,0,1
1500.5,3416.89,,109,41.9,27630.1,38275.4,1,1,0,,0,0,0.0,0,0,0,,,0,0,1
1560.0,3430.76,,109,42.2,27825.6,38079.9,1,1,0,,0,0,0.0,0,0,0,,,0,0,1
1620.1,3416.87,,109,42.3,27887.9,38017.5,1,1,0,,0,0,0.0,0,0,0,,,0,0,1
1680.2,3431.03,,109,42.3,27861.8,38043.7,1,1,0,,0,0,0.0,0,0,0,,,0,0,1
1740.3,3420.52,,109,42.6,28068.5,37837.0,1,1,0,,0,0,0.0,0,0,0,,,0,0,1
1800.4,3422.2,,109,43.7,28772.4,37133.0,1,1,0,,0,0,0.0,0,0,0,,,0,0,1
1860.5,3436.29,,109,43.5,28688.1,37217.4,1,1,0,,0,0,0.0,0,0,0,,,0,0,1
1920.1,3423.38,,110,43.7,28795.5,37110.0,1,1,0,,0,0,0.0,0,0,0,,,0,0,1
1980.2,3377.77,,71,43.8,28882.9,37022.6,1,1,0,,0,0,0.0,0,0,0,,,0,0,1
2040.3,3423.06,,110,44.6,29381.1,36524.4,1,1,0,,0,0,0.0,0,0,0,,,0,0,1
2100.4,3437.37,,110,44.1,29053.4,36852.1,1,1,0,,0,0,0.0,0,0,0,,,0,0,1
2160.4,3437.63,,110,44.0,28998.8,36906.7,1,1,0,,0,0,0.0,0,0,0,,,0,0,1
2220.0,3427.55,,110,44.1,29052.7,36852.8,1,1,0,,0,0,0.0,0,0,0,,,0,0,1
2280.1,3423.86,,110,44.5,29296.7,36608.7,1,1,0,,0,0,0.0,0,0,0,,,0,0,1
2340.2,3424.24,,110,44.7,29480.0,36425.5,1,1,0,,0,0,0.0,0,0,0,,,0,0,1
2400.3,3424.27,,110,44.7,29468.8,36436.7,1,1,0,,0,0,0.0,0,0,0,,,0,0,1
2460.3,3438.28,,110,45.3,29832.1,36073.4,1,1,0,,0,0,0.0,0,0,0,,,0,0,1
2520.4,3424.45,,110,43.9,28940.3,36965.1,1,1,0,,0,0,0.0,0,0,0,,,0,0,1
2580.0,3424.57,,110,43.9,28952.8,36952.7,1,1,0,,0,0,0.0,0,0,0,,,0,0,1
2640.1,3424.95,,110,43.8,28839.0,37066.4,1,1,0,,0,0,0.0,0,0,0,,,0,0,1
2700.1,3439.21,,110,43.8,28873.0,37032.5,1,1,0,,0,0,0.0,0,0,0,,,0,0,1
2760.2,3424.42,,110,43.9,28906.6,36998.8,1,1,0,,0,0,0.0,0,0,0,,,0,0,1
2820.3,3424.56,,110,43.8,28846.7,37058.8,1,1,0,,0,0,0.0,0,0,0,,,0,0,1
2880.4,3439.58,,110,44.1,29077.4,36828.1,1,1,0,,0,0,0.0,0,0,0,,,0,0,1
2940.5,3444.84,,110,44.5,29351.6,36553.9,1,1,0,,0,0,0.0,0,0,0,,,0,0,1
3000.1,3438.31,,110,48.1,31683.0,34222.4,1,1,0,,0,0,0.0,0,0,0,,,0,0,1
3060.3,1836.93,,110,45.6,30049.8,35855.7,1,1,0,,0,0,0.0,0,0,0,,,0,0,1
3120.5,1851.85,,110,45.5,29982.4,35923.0,1,1,0,,0,0,0.0,0,0,0,,,0,0,1
3180.1,1834.47,,110,45.5,30007.6,35897.9,1,1,0,,0,0,0.0,0,0,0,,,0,0,1
3240.2,1852.86,,110,45.8,30157.1,35748.4,1,1,0,,0,0,0.0,0,0,0,,,0,0,1
3300.1,1833.65,,110,45.8,30154.9,35750.6,1,1,0,,0,0,0.0,0,0,0,,,0,0,1
3360.4,1834.06,,110,45.9,30231.2,35674.2,1,1,0,,0,0,0.0,0,0,0,,,0,0,1
3420.5,1833.61,,110,46.1,30390.3,35515.2,1,1,0,,0,0,0.0,0,0,0,,,0,0,1
3480.3,1833.11,,110,46.7,30802.1,35103.4,1,1,0,,0,0,0.0,0,0,0,,,0,0,1
3540.1,1834.66,,110,47.3,31186.3,34719.2,1,1,0,,0,0,0.0,0,0,0,,,0,0,1
3600.3,1834.72,,110,46.2,30462.5,35442.9,1,1,0,,0,0,0.0,0,0,0,,,0,0,1
3660.0,1834.86,,110,46.6,30711.5,35194.0,1,1,0,,0,0,0.0,0,0,0,,,0,0,1
3720.0,1835.36,,110,48.5,31995.4,33910.1,1,1,0,,0,0,0.0,0,0,0,,,0,0,1
3780.1,1848.89,,110,48.3,31809.5,34095.9,1,1,0,,0,0,0.0,0,0,0,,,0,0,1
3840.3,1853.82,,110,49.4,32530.8,33374.6,1,1,0,,0,0,0.0,0,0,0,,,0,0,1
3900.5,1834.98,,110,49.3,32483.7,33421.8,1,1,0,,0,0,0.0,0,0,0,,,0,0,1
3960.2,1835.56,,110,49.3,32515.9,33389.5,1,1,0,,0,0,0.0,0,0,0,,,0,0,1
4020.1,1835.01,,110,49.4,32530.5,33375.0,1,1,0,,0,0,0.0,0,0,0,,,0,0,1
4080.4,1855.66,,110,49.2,32416.6,33488.9,1,1,0,,0,0,0.0,0,0,0,,,0,0,1
4140.1,1849.37,,110,48.2,31786.7,34118.7,1,1,0,,0,0,0.0,0,0,0,,,0,0,1
4200.3,1855.46,,110,48.3,31819.3,34086.1,1,1,0,,0,0,0.0,0,0,0,,,0,0,1
4260.0,1835.29,,110,48.3,31815.7,34089.8,1,1,0,,0,0,0.0,0,0,0,,,0,0,1
4320.1,1835.4,,110,48.3,31839.0,34066.4,1,1,0,,0,0,0.0,0,0,0,,,0,0,1
4380.3,1835.54,,110,48.3,31841.3,34064.2,1,1,0,,0,0,0.0,0,0,0,,,0,0,1
4440.0,1841.55,,110,48.7,32081.5,33824.0,1,1,0,,0,0,0.0,0,0,0,,,0,0,1
4500.3,1835.17,,110,48.6,32027.3,33878.1,1,1,0,,0,0,0.0,0,0,0,,,0,0,1
4560.3,1835.26,,110,48.7,32085.5,33819.9,1,1,0,,0,0,0.0,0,0,0,,,0,0,1
4620.2,1835.74,,110,48.8,32138.4,33767.0,1,1,0,,0,0,0.0,0,0,0,,,0,0,1
4680.4,1849.54,,110,38.4,25311.9,40593.5,1,1,0,,0,0,0.0,0,0,0,,,0,0,1
4740.1,1835.32,,110,48.7,32090.9,33814.5,1,1,0,,0,0,0.0,0,0,0,,,0,0,1
4800.0,1841.77,,110,48.7,32077.0,33828.5,1,1,0,,0,0,0.0,0,0,0,,,0,0,1
4860.2,1835.81,,110,49.3,32488.2,33417.3,1,1,0,,0,0,0.0,0,0,0,,,0,0,1
4920.5,1837.21,,110,49.3,32459.2,33446.3,1,1,0,,0,0,0.0,0,0,0,,,0,0,1
4980.4,1848.21,,110,49.2,32410.8,33494.6,1,1,0,,0,0,0.0,0,0,0,,,0,0,1
5040.2,1836.2,,110,47.5,31333.5,34572.0,1,1,0,,0,0,0.0,0,0,0,,,0,0,1
5100.5,1836.56,,110,47.6,31367.7,34537.8,1,1,0,,0,0,0.0,0,0,0,,,0,0,1
5160.2,1836.75,,110,47.6,31348.4,34557.1,1,1,0,,0,0,0.0,0,0,0,,,0,0,1
5220.1,1838.01,,110,47.6,31390.8,34514.7,1,1,0,,0,0,0.0,0,0,0,,,0,0,1
5280.3,1835.87,,110,47.7,31404.6,34500.8,1,1,0,,0,0,0.0,0,0,0,,,0,0,1
5340.4,1836.3,,110,48.3,31845.7,34059.7,1,1,0,,0,0,0.0,0,0,0,,,0,0,1
5400.2,1836.32,,110,48.6,32031.8,33873.7,1,1,0,,0,0,0.0,0,0,0,,,0,0,1
5460.4,1850.74,,110,47.1,31045.3,34860.2,1,1,0,,0,0,0.0,0,0,0,,,0,0,1
5520.1,1836.38,,110,49.5,32645.2,33260.2,1,1,0,,0,0,0.0,0,0,0,,,0,0,1
5580.3,1836.3,,110,49.3,32501.9,33403.6,1,1,0,,0,0,0.0,0,0,0,,,0,0,1
5640.2,1857.39,,110,49.1,32353.7,33551.8,1,1,0,,0,0,0.0,0,0,0,,,0,0,1
5700.1,1851.69,,110,48.8,32176.2,33729.2,1,1,0,,0,0,0.0,0,0,0,,,0,0,1
5760.0,1836.32,,110,48.8,32130.7,33774.7,1,1,0,,0,0,0.0,0,0,0,,,0,0,1
5820.3,1836.21,,110,48.8,32133.4,33772.0,1,1,0,,0,0,0.0,0,0,0,,,0,0,1
5880.5,1836.58,,110,49.0,32300.8,33604.6,1,1,0,,0,0,0.0,0,0,0,,,0,0,1
5940.2,1837.63,,110,49.4,32553.4,33352.0,1,1,0,,0,0,0.0,0,0,0,,,0,0,1
6000.0,1836.12,,110,49.4,32574.9,33330.5,1,1,0,,0,0,0.0,0,0,0,,,0,0,1
6060.4,1836.26,,110,49.3,32494.5,33410.9,1,1,0,,0,0,0.0,0,0,0,,,0,0,1
6120.1,1836.95,,110,49.3,32514.2,33391.2,1,1,0,,0,0,0.0,0,0,0,,,0,0,1
6180.1,1837.13,,110,49.4,32542.3,33363.1,1,1,0,,0,0,0.0,0,0,0,,,0,0,1
6240.3,1836.41,,110,49.6,32684.5,33220.9,1,1,0,,0,0,0.0,0,0,0,,,0,0,1
6300.5,1837.31,,110,50.0,32960.8,32944.7,1,1,0,,0,0,0.0,0,0,0,,,0,0,1
6360.1,1839.14,,110,50.1,33010.9,32894.6,1,1,0,,0,0,0.0,0,0,0,,,0,0,1
6420.4,1850.48,,110,50.2,33100.1,32805.4,1,1,0,,0,0,0.0,0,0,0,,,0,0,1
6480.1,1837.26,,110,50.3,33156.9,32748.5,1,1,0,,0,0,0.0,0,0,0,,,0,0,1
6540.3,1838.44,,110,50.2,33108.7,32796.8,1,1,0,,0,0,0.0,0,0,0,,,0,0,1
6600.2,1838.61,,110,50.5,33280.6,32624.9,1,1,0,,0,0,0.0,0,0,0,,,0,0,1
6660.0,505.44,,110,45.0,29624.8,36280.6,1,1,0,,0,0,0.0,0,0,0,,,0,0,1
6720.2,486.03,,110,45.0,29664.9,36240.6,1,1,0,,0,0,0.0,0,0,0,,,0,0,1
6780.5,486.34,,110,45.0,29649.6,36255.9,1,1,0,,0,0,0.0,0,0,0,,,0,0,1
6840.1,441.78,,71,42.9,28278.8,37626.7,1,1,0,,0,0,0.0,0,0,0,,,0,0,1
6900.2,441.79,,71,42.9,28270.6,37634.8,1,1,0,,0,0,0.0,0,0,0,,,0,0,1
6960.4,486.96,,110,46.2,30468.9,35436.5,1,1,0,,0,0,0.0,0,0,0,,,0,0,1
7020.2,487.05,,110,46.1,30356.4,35549.1,1,1,0,,0,0,0.0,0,0,0,,,0,0,1
7080.0,487.03,,110,46.3,30514.4,35391.0,1,1,0,,0,0,0.0,0,0,0,,,0,0,1
7140.2,487.93,,110,45.9,30277.8,35627.6,1,1,0,,0,0,0.0,0,0,0,,,0,0,1
7200.1,501.78,,110,45.5,29984.5,35921.0,1,1,0,,0,0,0.0,0,0,0,,,0,0,1
7260.3,508.69,,110,36.8,24248.3,41657.2,1,1,0,,0,0,0.0,0,0,0,,,0,0,1
7320.4,489.81,,110,41.4,27297.6,38607.9,1,1,0,,0,0,0.0,0,0,0,,,0,0,1
7380.1,490.03,,110,41.6,27424.7,38480.8,1,1,0,,0,0,0.0,0,0,0,,,0,0,1
7440.3,489.75,,110,40.4,26607.6,39297.8,1,1,0,,0,0,0.0,0,0,0,,,0,0,1
7500.4,503.96,,110,40.4,26656.7,39248.8,1,1,0,,0,0,0.0,0,0,0,,,0,0,1
7560.0,490.18,,110,40.3,26574.0,39331.5,1,1,0,,0,0,0.0,0,0,0,,,0,0,1
7620.2,504.56,,110,46.7,30810.6,35094.9,1,1,0,,0,0,0.0,0,0,0,,,0,0,1
7680.2,504.98,,110,47.9,31594.7,34310.8,1,1,0,,0,0,0.0,0,0,0,,,0,0,1
7740.3,489.93,,110,48.8,32151.4,33754.0,1,1,0,,0,0,0.0,0,0,0,,,0,0,1
7800.1,504.36,,110,48.9,32225.8,33679.6,1,1,0,,0,0,0.0,0,0,0,,,0,0,1
7860.3,475.55,,110,53.0,34905.3,31000.2,1,1,0,,0,0,0.0,0,0,0,,,0,0,1
7920.1,460.85,,110,57.0,37595.8,28309.7,1,1,0,,0,0,0.0,0,0,0,,,0,0,1
7980.3,461.16,,110,57.3,37735.8,28169.7,1,1,0,,0,0,0.0,0,0,0,,,0,0,1
8040.5,461.58,,110,58.1,38309.6,27595.9,1,1,0,,0,0,0.0,0,0,0,,,0,0,1
8100.1,462.04,,110,57.9,38140.4,27765.0,1,1,0,,0,0,0.0,0,0,0,,,0,0,1
8160.3,465.88,,110,58.2,38345.9,27559.5,1,1,0,,0,0,0.0,0,0,0,,,0,0,1
8220.5,478.01,,110,58.8,38736.8,27168.6,1,1,0,,0,0,0.0,0,0,0,,,0,0,1
8280.2,460.9,,110,58.8,38757.6,27147.9,1,1,0,,0,0,0.0,0,0,0,,,0,0,1
8340.3,461.57,,111,58.3,38404.8,27500.7,1,1,0,,0,0,0.0,0,0,0,,,0,0,1
8400.5,458.73,,111,58.7,38708.4,27197.1,1,1,0,,0,0,0.0,0,0,0,,,0,0,1
8460.1,460.83,,111,59.0,38871.9,27033.6,1,1,0,,0,0,0.0,0,0,0,,,0,0,1
8520.3,460.75,,111,59.4,39122.0,26783.5,1,1,0,,0,0,0.0,0,0,0,,,0,0,1
8580.5,460.94,,111,59.5,39194.1,26711.3,1,1,0,,0,0,0.0,0,0,0,,,0,0,1
8640.1,461.2,,111,59.5,39234.7,26670.8,1,1,0,,0,0,0.0,0,0,0,,,0,0,1
8700.3,460.83,,111,59.5,39225.0,26680.5,1,1,0,,0,0,0.0,0,0,0,,,0,0,1
8760.4,438.19,,111,59.8,39382.0,26523.4,1,1,0,,0,0,0.0,0,0,0,,,0,0,1
8820.1,452.59,,111,60.1,39587.5,26318.0,1,1,0,,0,0,0.0,0,0,0,,,0,0,1
8880.2,433.84,,111,60.3,39768.8,26136.7,1,1,0,,0,0,0.0,0,0,0,,,0,0,1
8940.4,435.09,,111,61.2,40327.7,25577.8,1,1,0,,0,0,0.0,0,0,0,,,0,0,1
9000.2,435.21,,111,61.4,40472.7,25432.8,1,1,0,,0,0,0.0,0,0,0,,,0,0,1
9060.4,421.86,,111,61.1,40255.9,25649.5,1,1,0,,0,0,0.0,0,0,0,,,0,0,1
9120.1,422.38,,111,61.3,40424.8,25480.6,1,1,0,,0,0,0.0,0,0,0,,,0,0,1
9180.2,468.48,,111,61.9,40788.4,25117.1,1,1,0,,0,0,0.0,0,0,0,,,0,0,1
9240.4,468.62,,111,61.8,40706.4,25199.1,1,1,0,,0,0,0.0,0,0,0,,,0,0,1
9300.5,468.99,,111,61.9,40772.4,25133.0,1,1,0,,0,0,0.0,0,0,0,,,0,0,1
9360.2,462.67,,111,60.6,39912.1,25993.4,1,1,0,,0,0,0.0,0,0,0,,,0,0,1
9420.3,462.12,,111,60.6,39935.9,25969.6,1,1,0,,0,0,0.0,0,0,0,,,0,0,1
9480.5,462.23,,111,60.1,39581.4,26324.0,1,1,0,,0,0,0.0,0,0,0,,,0,0,1
9540.1,462.58,,111,60.0,39550.3,26355.2,1,1,0,,0,0,0.0,0,0,0,,,0,0,1
9600.3,477.62,,111,60.0,39573.5,26331.9,1,1,0,,0,0,0.0,0,0,0,,,0,0,1
9660.4,462.03,,111,59.0,38870.0,27035.4,1,1,0,,0,0,0.0,0,0,0,,,0,0,1
9720.1,462.28,,111,58.9,38824.9,27080.5,1,1,0,,0,0,0.0,0,0,0,,,0,0,1
9780.2,463.38,,111,59.0,38864.3,27041.2,1,1,0,,0,0,0.0,0,0,0,,,0,0,1
9840.5,463.49,,111,59.1,38937.8,26967.7,1,1,0,,0,0,0.0,0,0,0,,,0,0,1
9900.1,462.02,,111,59.2,39026.2,26879.3,1,1,0,,0,0,0.0,0,0,0,,,0,0,1
9960.3,461.41,,111,58.7,38709.7,27195.8,1,1,0,,0,0,0.0,0,0,0,,,0,0,1
10020.4,461.65,,111,58.8,38784.8,27120.6,1,1,0,,0,0,0.0,0,0,0,,,0,0,1
10080.1,461.71,,111,58.9,38828.2,27077.3,1,1,0,,0,0,0.0,0,0,0,,,0,0,1
10140.3,499.0,,111,59.2,39033.2,26872.3,1,1,0,,0,0,0.0,0,0,0,,,0,0,1
10200.4,497.6,,111,59.5,39181.0,26724.4,1,1,0,,0,0,0.0,0,0,0,,,0,0,1
10260.0,498.47,,111,59.5,39197.8,26707.7,1,1,0,,0,0,0.0,0,0,0,,,0,0,1
10320.2,497.61,,111,59.0,38854.3,27051.2,1,1,0,,0,0,0.0,0,0,0,,,0,0,1
10380.3,496.62,,111,58.7,38692.8,27212.7,1,1,0,,0,0,0.0,0,0,0,,,0,0,1
10440.5,515.92,,111,58.8,38731.2,27174.2,1,1,0,,0,0,0.0,0,0,0,,,0,0,1
10500.1,516.73,,111,58.9,38787.7,27117.7,1,1,0,,0,0,0.0,0,0,0,,,0,0,1
10560.3,497.77,,111,58.7,38696.0,27209.4,1,1,0,,0,0,0.0,0,0,0,,,0,0,1
10620.0,497.24,,111,58.5,38538.3,27367.2,1,1,0,,0,0,0.0,0,0,0,,,0,0,1
10680.1,516.53,,111,58.8,38762.2,27143.2,1,1,0,,0,0,0.0,0,0,0,,,0,0,1
10740.3,497.39,,111,58.8,38751.6,27153.9,1,1,0,,0,0,0.0,0,0,0,,,0,0,1
10800.4,497.46,,111,58.8,38733.4,27172.0,1,1,0,,0,0,0.0,0,0,0,,,0,0,1
10860.1,489.97,,111,57.4,37829.4,28076.0,1,1,0,,0,0,0.0,0,0,0,,,0,0,1
10920.3,490.14,,111,57.4,37847.2,28058.3,1,1,0,,0,0,0.0,0,0,0,,,0,0,1
10980.0,491.51,,111,57.5,37907.1,27998.4,1,1,0,,0,0,0.0,0,0,0,,,0,0,1
11040.1,490.35,,111,57.6,37951.8,27953.6,1,1,0,,0,0,0.0,0,0,0,,,0,0,1
11100.3,491.04,,111,57.6,37950.4,27955.0,1,1,0,,0,0,0.0,0,0,0,,,0,0,1
11160.5,448.73,,111,57.3,37762.4,28143.1,1,1,0,,0,0,0.0,0,0,0,,,0,0,1
11220.1,451.07,,111,55.1,36288.7,29616.7,1,1,0,,0,0,0.0,0,0,0,,,0,0,1
11280.2,449.34,,111,55.5,36569.5,29335.9,1,1,0,,0,0,0.0,0,0,0,,,0,0,1
11340.1,452.22,,111,55.7,36707.1,29198.4,1,1,0,,0,0,0.0,0,0,0,,,0,0,1
11400.3,449.07,,111,56.3,37122.7,28782.8,1,1,0,,0,0,0.0,0,0,0,,,0,0,1
11460.4,449.39,,111,56.2,37053.9,28851.6,1,1,0,,0,0,0.0,0,0,0,,,0,0,1
11520.0,450.59,,111,55.2,36391.3,29514.2,1,1,0,,0,0,0.0,0,0,0,,,0,0,1
11580.1,450.94,,111,55.3,36477.3,29428.2,1,1,0,,0,0,0.0,0,0,0,,,0,0,1
11640.2,449.77,,111,55.6,36615.6,29289.9,1,1,0,,0,0,0.0,0,0,0,,,0,0,1
11700.4,450.01,,111,55.0,36277.3,29628.2,1,1,0,,0,0,0.0,0,0,0,,,0,0,1
11760.5,452.21,,111,54.8,36121.1,29784.4,1,1,0,,0,0,0.0,0,0,0,,,0,0,1
11820.1,470.15,,111,54.4,35865.6,30039.8,1,1,0,,0,0,0.0,0,0,0,,,0,0,1
11880.3,469.56,,111,54.7,36027.5,29877.9,1,1,0,,0,0,0.0,0,0,0,,,0,0,1
11940.4,458.24,,111,55.3,36473.3,29432.2,1,1,0,,0,0,0.0,0,0,0,,,0,0,1
12000.0,450.54,,111,55.6,36631.4,29274.1,1,1,0,,0,0,0.0,0,0,0,,,0,0,1
12060.2,470.0,,111,55.6,36666.4,29239.1,1,1,0,,0,0,0.0,0,0,0,,,0,0,1
12120.3,448.03,,111,55.0,36239.3,29666.1,1,1,0,,0,0,0.0,0,0,0,,,0,0,1
12180.4,449.13,,111,55.1,36327.0,29578.4,1,1,0,,0,0,0.0,0,0,0,,,0,0,1
12240.5,449.31,,111,55.2,36403.4,29502.1,1,1,0,,0,0,0.0,0,0,0,,,0,0,1
12300.1,449.37,,111,55.3,36442.1,29463.3,1,1,0,,0,0,0.0,0,0,0,,,0,0,1
12360.2,449.91,,111,55.3,36467.3,29438.2,1,1,0,,0,0,0.0,0,0,0,,,0,0,1
12420.3,469.93,,111,54.7,36033.6,29871.9,1,1,0,,0,0,0.0,0,0,0,,,0,0,1
12480.5,449.39,,111,54.8,36091.3,29814.2,1,1,0,,0,0,0.0,0,0,0,,,0,0,1
12540.1,449.71,,111,55.1,36316.7,29588.7,1,1,0,,0,0,0.0,0,0,0,,,0,0,1
12600.2,450.0,,111,55.3,36441.8,29463.7,1,1,0,,0,0,0.0,0,0,0,,,0,0,1
12660.4,449.51,,111,55.5,36565.0,29340.4,1,1,0,,0,0,0.0,0,0,0,,,0,0,1
12720.0,448.96,,111,54.9,36181.1,29724.4,1,1,0,,0,0,0.0,0,0,0,,,0,0,1
12780.2,448.9,,111,54.9,36186.5,29719.0,1,1,0,,0,0,0.0,0,0,0,,,0,0,1
12840.4,449.28,,111,55.0,36280.6,29624.9,1,1,0,,0,0,0.0,0,0,0,,,0,0,1
12900.1,449.96,,111,55.2,36400.0,29505.4,1,1,0,,0,0,0.0,0,0,0,,,0,0,1
12960.3,448.91,,111,55.2,36364.8,29540.6,1,1,0,,0,0,0.0,0,0,0,,,0,0,1
13020.1,449.52,,111,54.4,35853.7,30051.7,1,1,0,,0,0,0.0,0,0,0,,,0,0,1
13080.2,450.84,,111,54.3,35803.0,30102.5,1,1,0,,0,0,0.0,0,0,0,,,0,0,1
13140.4,450.73,,111,54.4,35870.0,30035.5,1,1,0,,0,0,0.0,0,0,0,,,0,0,1
13200.3,449.64,,111,54.7,36029.4,29876.1,1,1,0,,0,0,0.0,0,0,0,,,0,0,1
13260.4,449.93,,111,54.8,36143.9,29761.5,1,1,0,,0,0,0.0,0,0,0,,,0,0,1
13320.1,449.61,,111,54.0,35564.8,30340.6,1,1,0,,0,0,0.0,0,0,0,,,0,0,1
13380.2,468.36,,111,54.1,35673.9,30231.6,1,1,0,,0,0,0.0,0,0,0,,,0,0,1
13440.4,449.28,,111,54.4,35826.7,30078.8,1,1,0,,0,0,0.0,0,0,0,,,0,0,1
13500.5,449.63,,111,54.1,35661.5,30244.0,1,1,0,,0,0,0.0,0,0,0,,,0,0,1
13560.1,450.09,,111,54.3,35775.7,30129.8,1,1,0,,0,0,0.0,0,0,0,,,0,0,1
13620.2,412.39,,111,53.9,35535.4,30370.0,1,1,0,,0,0,0.0,0,0,0,,,0,0,1
13680.5,413.27,,111,54.0,35619.0,30286.5,1,1,0,,0,0,0.0,0,0,0,,,0,0,1
13740.1,451.05,,111,54.0,35608.4,30297.0,1,1,0,,0,0,0.0,0,0,0,,,0,0,1
13800.3,448.66,,111,54.1,35641.1,30264.4,1,1,0,,0,0,0.0,0,0,0,,,0,0,1
13860.5,449.73,,111,53.3,35135.4,30770.1,1,1,0,,0,0,0.0,0,0,0,,,0,0,1
13920.1,459.05,,111,52.6,34645.0,31260.4,1,1,0,,0,0,0.0,0,0,0,,,0,0,1
13980.2,448.87,,111,52.7,34747.2,31158.3,1,1,0,,0,0,0.0,0,0,0,,,0,0,1
14040.4,449.16,,111,52.6,34674.3,31231.2,1,1,0,,0,0,0.0,0,0,0,,,0,0,1
14100.0,449.32,,111,52.7,34750.5,31154.9,1,1,0,,0,0,0.0,0,0,0,,,0,0,1
14160.1,468.78,,111,52.9,34843.7,31061.8,1,1,0,,0,0,0.0,0,0,0,,,0,0,1
14220.3,449.96,,111,52.2,34392.5,31512.9,1,1,0,,0,0,0.0,0,0,0,,,0,0,1
14280.0,448.81,,111,51.7,34095.1,31810.3,1,1,0,,0,0,0.0,0,0,0,,,0,0,1
14340.2,448.94,,111,51.9,34201.9,31703.5,1,1,0,,0,0,0.0,0,0,0,,,0,0,1
14400.3,449.97,,111,51.8,34169.3,31736.2,1,1,0,,0,0,0.0,0,0,0,,,0,0,1
14460.4,451.1,,111,51.8,34135.5,31769.9,1,1,0,,0,0,0.0,0,0,0,,,0,0,1
14520.1,448.98,,111,50.8,33453.7,32451.8,1,1,0,,0,0,0.0,0,0,0,,,0,0,1
14580.2,450.01,,111,51.0,33622.4,32283.1,1,1,0,,0,0,0.0,0,0,0,,,0,0,1
14640.4,450.17,,111,51.2,33736.7,32168.8,1,1,0,,0,0,0.0,0,0,0,,,0,0,1
14700.0,450.21,,111,51.4,33873.7,32031.7,1,1,0,,0,0,0.0,0,0,0,,,0,0,1
14760.4,449.17,,111,52.3,34450.7,31454.8,1,1,0,,0,0,0.0,0,0,0,,,0,0,1
14820.3,449.13,,111,51.5,33914.9,31990.5,1,1,0,,0,0,0.0,0,0,0,,,0,0,1
14880.4,449.45,,111,51.5,33936.4,31969.1,1,1,0,,0,0,0.0,0,0,0,,,0,0,1
14940.1,449.72,,111,51.6,34016.3,31889.2,1,1,0,,0,0,0.0,0,0,0,,,0,0,1
15000.3,449.16,,111,51.6,34039.0,31866.5,1,1,0,,0,0,0.0,0,0,0,,,0,0,1
15060.3,468.37,,111,51.9,34214.9,31690.6,1,1,0,,0,0,0.0,0,0,0,,,0,0,1
15120.5,449.2,,111,51.3,33799.8,32105.6,1,1,0,,0,0,0.0,0,0,0,,,0,0,1
15180.1,449.59,,111,52.1,34311.2,31594.3,1,1,0,,0,0,0.0,0,0,0,,,0,0,1
15240.2,461.69,,111,52.3,34456.0,31449.4,1,1,0,,0,0,0.0,0,0,0,,,0,0,1
15300.5,449.57,,111,52.4,34515.7,31389.7,1,1,0,,0,0,0.0,0,0,0,,,0,0,1
15360.1,457.11,,111,52.6,34643.8,31261.7,1,1,0,,0,0,0.0,0,0,0,,,0,0,1
15420.2,449.44,,111,51.9,34221.9,31683.6,1,1,0,,0,0,0.0,0,0,0,,,0,0,1
15480.3,463.7,,111,31.7,20859.1,45046.4,1,1,0,,0,0,0.0,0,0,0,,,0,0,1
15540.4,449.74,,111,31.9,21041.2,44864.2,1,1,0,,0,0,0.0,0,0,0,,,0,0,1
15600.0,449.58,,111,31.9,21013.7,44891.8,1,1,0,,0,0,0.0,0,0,0,,,0,0,1
15660.1,449.83,,111,32.0,21106.8,44798.6,1,1,0,,0,0,0.0,0,0,0,,,0,0,1
15720.1,450.07,,111,32.0,21089.8,44815.6,1,1,0,,0,0,0.0,0,0,0,,,0,0,1
15780.2,419.03,,72,32.0,21057.2,44848.3,1,1,0,,0,0,0.0,0,0,0,,,0,0,1
15840.3,464.2,,111,32.1,21128.1,44777.3,1,1,0,,0,0,0.0,0,0,0,,,0,0,1
15900.3,450.23,,111,32.1,21179.0,44726.4,1,1,0,,0,0,0.0,0,0,0,,,0,0,1
15960.4,469.7,,111,32.4,21332.8,44572.7,1,1,0,,0,0,0.0,0,0,0,,,0,0,1
16020.5,465.08,,111,32.4,21333.5,44572.0,1,1,0,,0,0,0.0,0,0,0,,,0,0,1
16080.1,450.87,,111,32.4,21324.7,44580.8,1,1,0,,0,0,0.0,0,0,0,,,0,0,1
16140.1,454.56,,111,32.4,21352.4,44553.1,1,1,0,,0,0,0.0,0,0,0,,,0,0,1
16200.2,450.88,,111,32.4,21381.6,44523.8,1,1,0,,0,0,0.0,0,0,0,,,0,0,1
16260.3,452.15,,111,32.4,21384.0,44521.5,1,1,0,,0,0,0.0,0,0,0,,,0,0,1
16320.4,464.88,,111,32.5,21402.2,44503.3,1,1,0,,0,0,0.0,0,0,0,,,0,0,1
16380.5,470.27,,111,32.5,21436.9,44468.5,1,1,0,,0,0,0.0,0,0,0,,,0,0,1
16440.0,451.34,,111,32.5,21435.8,44469.6,1,1,0,,0,0,0.0,0,0,0,,,0,0,1
16500.1,452.19,,111,32.6,21506.2,44399.3,1,1,0,,0,0,0.0,0,0,0,,,0,0,1
16560.2,451.11,,111,32.6,21509.4,44396.1,1,1,0,,0,0,0.0,0,0,0,,,0,0,1
16620.2,451.16,,111,32.6,21506.0,44399.4,1,1,0,,0,0,0.0,0,0,0,,,0,0,1
16680.3,471.41,,111,32.7,21555.1,44350.4,1,1,0,,0,0,0.0,0,0,0,,,0,0,1
16740.4,452.22,,111,32.7,21566.7,44338.7,1,1,0,,0,0,0.0,0,0,0,,,0,0,1
16800.4,451.04,,111,32.7,21572.3,44333.1,1,1,0,,0,0,0.0,0,0,0,,,0,0,1
16860.5,451.2,,111,32.8,21595.0,44310.4,1,1,0,,0,0,0.0,0,0,0,,,0,0,1
16920.1,452.36,,111,32.7,21573.3,44332.2,1,1,0,,0,0,0.0,0,0,0,,,0,0,1
16980.2,452.44,,111,32.7,21569.8,44335.7,1,1,0,,0,0,0.0,0,0,0,,,0,0,1
17040.2,470.13,,111,32.8,21591.5,44313.9,1,1,0,,0,0,0.0,0,0,0,,,0,0,1
17100.3,451.82,,111,32.8,21588.4,44317.0,1,1,0,,0,0,0.0,0,0,0,,,0,0,1
17160.4,466.19,,111,32.8,21641.3,44264.2,1,1,0,,0,0,0.0,0,0,0,,,0,0,1
17220.5,466.47,,111,32.8,21608.2,44297.3,1,1,0,,0,0,0.0,0,0,0,,,0,0,1
17280.0,452.49,,111,32.7,21580.7,44324.8,1,1,0,,0,0,0.0,0,0,0,,,0,0,1
17340.1,465.38,,111,32.9,21655.9,44249.6,1,1,0,,0,0,0.0,0,0,0,,,0,0,1
17400.2,451.49,,111,32.9,21653.5,44252.0,1,1,0,,0,0,0.0,0,0,0,,,0,0,1
17460.3,465.83,,111,32.9,21664.2,44241.2,1,1,0,,0,0,0.0,0,0,0,,,0,0,1
17520.4,421.6,,72,32.9,21675.9,44229.6,1,1,0,,0,0,0.0,0,0,0,,,0,0,1
17580.4,452.24,,111,33.0,21725.5,44180.0,1,1,0,,0,0,0.0,0,0,0,,,0,0,1
17640.5,452.44,,111,33.0,21756.6,44148.8,1,1,0,,0,0,0.0,0,0,0,,,0,0,1
17700.1,467.08,,111,33.0,21744.8,44160.7,1,1,0,,0,0,0.0,0,0,0,,,0,0,1
17760.2,453.22,,111,33.0,21751.0,44154.5,1,1,0,,0,0,0.0,0,0,0,,,0,0,1
17820.2,455.5,,111,33.1,21787.7,44117.7,1,1,0,,0,0,0.0,0,0,0,,,0,0,1
17880.3,452.55,,111,32.6,21491.3,44414.1,1,1,0,,0,0,0.0,0,0,0,,,0,0,1
17940.4,452.7,,111,32.6,21493.4,44412.0,1,1,0,,0,0,0.0,0,0,0,,,0,0,1
18000.4,471.72,,111,32.6,21512.9,44392.6,1,1,0,,0,0,0.0,0,0,0,,,0,0,1
18060.0,452.88,,111,32.6,21502.2,44403.3,1,1,0,,0,0,0.0,0,0,0,,,0,0,1
18120.1,470.0,,111,32.7,21567.4,44338.1,1,1,0,,0,0,0.0,0,0,0,,,0,0,1
18180.2,452.48,,111,32.7,21537.3,44368.1,1,1,0,,0,0,0.0,0,0,0,,,0,0,1
18240.2,468.0,,111,32.8,21601.3,44304.2,1,1,0,,0,0,0.0,0,0,0,,,0,0,1
18300.3,452.97,,111,32.7,21581.1,44324.4,1,1,0,,0,0,0.0,0,0,0,,,0,0,1
18360.4,466.68,,111,32.8,21607.1,44298.3,1,1,0,,0,0,0.0,0,0,0,,,0,0,1
18420.5,466.78,,111,32.8,21622.5,44282.9,1,1,0,,0,0,0.0,0,0,0,,,0,0,1
18480.1,453.1,,111,32.9,21659.2,44246.3,1,1,0,,0,0,0.0,0,0,0,,,0,0,1
18540.2,453.38,,111,32.9,21650.5,44255.0,1,1,0,,0,0,0.0,0,0,0,,,0,0,1
18600.2,466.98,,111,32.9,21674.6,44230.8,1,1,0,,0,0,0.0,0,0,0,,,0,0,1
18660.3,467.12,,111,33.0,21717.8,44187.6,1,1,0,,0,0,0.0,0,0,0,,,0,0,1
18720.4,467.38,,111,33.0,21730.5,44175.0,1,1,0,,0,0,0.0,0,0,0,,,0,0,1
18780.4,460.99,,111,33.0,21751.7,44153.7,1,1,0,,0,0,0.0,0,0,0,,,0,0,1
18840.5,466.91,,111,33.0,21776.7,44128.8,1,1,0,,0,0,0.0,0,0,0,,,0,0,1
18900.0,453.37,,111,33.0,21764.2,44141.2,1,1,0,,0,0,0.0,0,0,0,,,0,0,1
18960.1,453.62,,111,33.0,21765.6,44139.9,1,1,0,,0,0,0.0,0,0,0,,,0,0,1
19020.2,453.86,,111,33.1,21784.2,44121.3,1,1,0,,0,0,0.0,0,0,0,,,0,0,1
19080.3,467.05,,111,33.1,21820.5,44084.9,1,1,0,,0,0,0.0,0,0,0,,,0,0,1
19140.3,453.03,,111,33.1,21807.0,44098.4,1,1,0,,0,0,0.0,0,0,0,,,0,0,1
19200.4,453.54,,111,33.1,21831.0,44074.5,1,1,0,,0,0,0.0,0,0,0,,,0,0,1
19260.4,467.95,,111,33.1,21846.4,44059.1,1,1,0,,0,0,0.0,0,0,0,,,0,0,1
19320.0,466.5,,111,33.3,21943.2,43962.3,1,1,0,,0,0,0.0,0,0,0,,,0,0,1
19380.1,453.43,,111,33.2,21900.6,44004.9,1,1,0,,0,0,0.0,0,0,0,,,0,0,1
19440.2,453.51,,111,33.3,21967.4,43938.0,1,1,0,,0,0,0.0,0,0,0,,,0,0,1
19500.3,467.78,,111,33.4,22006.8,43898.7,1,1,0,,0,0,0.0,0,0,0,,,0,0,1
19560.4,453.9,,111,33.4,22013.8,43891.7,1,1,0,,0,0,0.0,0,0,0,,,0,0,1
19620.4,467.65,,111,33.4,22018.0,43887.4,1,1,0,,0,0,0.0,0,0,0,,,0,0,1
19680.5,467.69,,111,33.5,22048.4,43857.1,1,1,0,,0,0,0.0,0,0,0,,,0,0,1
19740.1,453.67,,111,33.4,21993.3,43912.2,1,1,0,,0,0,0.0,0,0,0,,,0,0,1
19800.1,473.17,,111,33.4,22034.8,43870.7,1,1,0,,0,0,0.0,0,0,0,,,0,0,1
19860.2,467.91,,111,33.5,22094.5,43810.9,1,1,0,,0,0,0.0,0,0,0,,,0,0,1
19920.3,454.02,,111,33.4,22041.4,43864.0,1,1,0,,0,0,0.0,0,0,0,,,0,0,1
19980.4,453.85,,111,33.6,22114.5,43791.0,1,1,0,,0,0,0.0,0,0,0,,,0,0,1
20040.4,454.43,,111,33.6,22138.0,43767.5,1,1,0,,0,0,0.0,0,0,0,,,0,0,1
20100.5,472.94,,111,33.6,22175.1,43730.3,1,1,0,,0,0,0.0,0,0,0,,,0,0,1
20160.1,467.89,,111,33.6,22150.8,43754.7,1,1,0,,0,0,0.0,0,0,0,,,0,0,1
20220.1,468.23,,111,33.6,22165.9,43739.6,1,1,0,,0,0,0.0,0,0,0,,,0,0,1
20280.2,454.25,,111,33.7,22177.6,43727.9,1,1,0,,0,0,0.0,0,0,0,,,0,0,1
20340.3,453.52,,111,33.5,22080.3,43825.2,1,1,0,,0,0,0.0,0,0,0,,,0,0,1
20400.4,453.78,,111,33.5,22107.3,43798.1,1,1,0,,0,0,0.0,0,0,0,,,0,0,1
20460.4,468.08,,111,33.6,22137.3,43768.1,1,1,0,,0,0,0.0,0,0,0,,,0,0,1
20520.0,454.28,,111,33.5,22088.4,43817.0,1,1,0,,0,0,0.0,0,0,0,,,0,0,1
20580.1,472.75,,111,33.6,22133.9,43771.5,1,1,0,,0,0,0.0,0,0,0,,,0,0,1
20640.2,453.85,,111,33.5,22109.6,43795.8,1,1,0,,0,0,0.0,0,0,0,,,0,0,1
20700.3,454.22,,111,33.6,22153.1,43752.4,1,1,0,,0,0,0.0,0,0,0,,,0,0,1
20760.3,455.15,,111,33.6,22132.4,43773.1,1,1,0,,0,0,0.0,0,0,0,,,0,0,1
20820.4,470.33,,111,33.6,22148.8,43756.7,1,1,0,,0,0,0.0,0,0,0,,,0,0,1
20880.0,456.31,,111,33.7,22215.2,43690.3,1,1,0,,0,0,0.0,0,0,0,,,0,0,1
20940.1,470.4,,111,33.7,22208.5,43696.9,1,1,0,,0,0,0.0,0,0,0,,,0,0,1
21000.2,457.69,,111,33.8,22246.5,43658.9,1,1,0,,0,0,0.0,0,0,0,,,0,0,1
21060.2,456.57,,111,33.8,22255.9,43649.5,1,1,0,,0,0,0.0,0,0,0,,,0,0,1
21120.3,454.08,,111,33.8,22270.6,43634.8,1,1,0,,0,0,0.0,0,0,0,,,0,0,1
21180.4,468.22,,111,33.9,22316.0,43589.5,1,1,0,,0,0,0.0,0,0,0,,,0,0,1
21240.5,454.55,,111,33.8,22287.2,43618.3,1,1,0,,0,0,0.0,0,0,0,,,0,0,1
21300.0,468.89,,111,33.9,22340.9,43564.5,1,1,0,,0,0,0.0,0,0,0,,,0,0,1
21360.1,455.95,,111,33.9,22342.2,43563.3,1,1,0,,0,0,0.0,0,0,0,,,0,0,1
21420.2,455.79,,111,33.9,22350.8,43554.7,1,1,0,,0,0,0.0,0,0,0,,,0,0,1
21480.3,469.84,,111,32.9,21668.1,44237.3,1,1,0,,0,0,0.0,0,0,0,,,0,0,1
21540.4,455.96,,111,32.9,21664.0,44241.4,1,1,0,,0,0,0.0,0,0,0,,,0,0,1
21600.4,454.4,,111,32.9,21666.2,44239.3,1,1,0,,0,0,0.0,0,0,0,,,0,0,1
21660.5,454.54,,111,32.9,21689.8,44215.6,1,1,0,,0,0,0.0,0,0,0,,,0,0,1
21720.1,473.78,,111,32.9,21704.5,44200.9,1,1,0,,0,0,0.0,0,0,0,,,0,0,1
21780.1,454.92,,111,32.9,21711.2,44194.2,1,1,0,,0,0,0.0,0,0,0,,,0,0,1
21840.2,468.09,,111,33.0,21725.3,44180.1,1,1,0,,0,0,0.0,0,0,0,,,0,0,1
21900.3,473.51,,111,33.0,21735.2,44170.3,1,1,0,,0,0,0.0,0,0,0,,,0,0,1
21960.3,454.32,,111,33.1,21785.4,44120.0,1,1,0,,0,0,0.0,0,0,0,,,0,0,1
22020.4,454.73,,111,33.0,21775.8,44129.7,1,1,0,,0,0,0.0,0,0,0,,,0,0,1
22080.5,474.91,,111,33.1,21828.5,44076.9,1,1,0,,0,0,0.0,0,0,0,,,0,0,1
22140.0,455.73,,111,33.1,21822.4,44083.0,1,1,0,,0,0,0.0,0,0,0,,,0,0,1
22200.1,455.77,,111,33.1,21811.1,44094.3,1,1,0,,0,0,0.0,0,0,0,,,0,0,1
22260.2,456.04,,111,33.2,21862.7,44042.8,1,1,0,,0,0,0.0,0,0,0,,,0,0,1
22320.3,453.46,,111,33.2,21871.1,44034.3,1,1,0,,0,0,0.0,0,0,0,,,0,0,1
22380.4,468.75,,111,33.2,21912.1,43993.4,1,1,0,,0,0,0.0,0,0,0,,,0,0,1
22440.5,455.07,,111,33.2,21878.9,44026.6,1,1,0,,0,0,0.0,0,0,0,,,0,0,1
22500.1,463.36,,111,33.3,21949.2,43956.2,1,1,0,,0,0,0.0,0,0,0,,,0,0,1
22560.1,455.18,,111,33.2,21907.5,43998.0,1,1,0,,0,0,0.0,0,0,0,,,0,0,1
22620.2,470.12,,111,33.3,21923.2,43982.3,1,1,0,,0,0,0.0,0,0,0,,,0,0,1
22680.3,456.15,,111,33.3,21960.2,43945.3,1,1,0,,0,0,0.0,0,0,0,,,0,0,1
22740.4,470.23,,111,33.4,22002.2,43903.2,1,1,0,,0,0,0.0,0,0,0,,,0,0,1
22800.5,460.14,,111,33.4,22005.6,43899.8,1,1,0,,0,0,0.0,0,0,0,,,0,0,1
22860.0,454.8,,111,33.4,21992.1,43913.4,1,1,0,,0,0,0.0,0,0,0,,,0,0,1
22920.1,474.17,,111,33.4,22037.4,43868.0,1,1,0,,0,0,0.0,0,0,0,,,0,0,1
22980.2,455.26,,111,33.4,22024.5,43881.0,1,1,0,,0,0,0.0,0,0,0,,,0,0,1
23040.3,469.47,,111,33.4,22035.5,43869.9,1,1,0,,0,0,0.0,0,0,0,,,0,0,1
23100.4,475.33,,111,33.5,22087.2,43818.2,1,1,0,,0,0,0.0,0,0,0,,,0,0,1
23160.4,456.16,,111,33.5,22064.5,43841.0,1,1,0,,0,0,0.0,0,0,0,,,0,0,1
23220.5,456.18,,111,33.5,22103.1,43802.4,1,1,0,,0,0,0.0,0,0,0,,,0,0,1
23280.0,456.43,,111,33.6,22126.7,43778.8,1,1,0,,0,0,0.0,0,0,0,,,0,0,1
23340.1,455.02,,111,33.6,22117.9,43787.5,1,1,0,,0,0,0.0,0,0,0,,,0,0,1
23400.2,454.86,,111,33.5,22096.4,43809.1,1,1,0,,0,0,0.0,0,0,0,,,0,0,1
23460.3,455.23,,111,33.6,22151.9,43753.6,1,1,0,,0,0,0.0,0,0,0,,,0,0,1
23520.3,455.57,,111,33.7,22191.0,43714.4,1,1,0,,0,0,0.0,0,0,0,,,0,0,1
23580.4,473.85,,111,33.7,22204.3,43701.1,1,1,0,,0,0,0.0,0,0,0,,,0,0,1
23640.5,454.97,,111,33.8,22245.7,43659.7,1,1,0,,0,0,0.0,0,0,0,,,0,0,1
23700.1,469.14,,111,33.9,22318.3,43587.2,1,1,0,,0,0,0.0,0,0,0,,,0,0,1
23760.2,455.47,,111,33.9,22338.2,43567.3,1,1,0,,0,0,0.0,0,0,0,,,0,0,1
23820.3,470.5,,111,33.9,22345.0,43560.4,1,1,0,,0,0,0.0,0,0,0,,,0,0,1
23880.3,470.61,,111,34.0,22392.9,43512.5,1,1,0,,0,0,0.0,0,0,0,,,0,0,1
23940.4,470.45,,111,34.0,22428.0,43477.4,1,1,0,,0,0,0.0,0,0,0,,,0,0,1
24000.5,470.47,,111,34.1,22459.0,43446.5,1,1,0,,0,0,0.0,0,0,0,,,0,0,1
24060.0,470.61,,111,34.0,22439.2,43466.2,1,1,0,,0,0,0.0,0,0,0,,,0,0,1
24120.1,455.36,,111,34.0,22424.9,43480.5,1,1,0,,0,0,0.0,0,0,0,,,0,0,1
24180.2,469.45,,111,34.1,22468.8,43436.6,1,1,0,,0,0,0.0,0,0,0,,,0,0,1
24240.3,455.26,,111,34.1,22441.9,43463.6,1,1,0,,0,0,0.0,0,0,0,,,0,0,1
24300.3,455.8,,111,34.0,22436.4,43469.0,1,1,0,,0,0,0.0,0,0,0,,,0,0,1
24360.4,460.51,,111,34.0,22421.0,43484.4,1,1,0,,0,0,0.0,0,0,0,,,0,0,1
24420.0,456.93,,111,34.1,22482.8,43422.7,1,1,0,,0,0,0.0,0,0,0,,,0,0,1
24480.1,471.01,,111,34.1,22461.7,43443.7,1,1,0,,0,0,0.0,0,0,0,,,0,0,1
24540.2,470.94,,111,34.2,22544.0,43361.4,1,1,0,,0,0,0.0,0,0,0,,,0,0,1
24600.2,455.64,,111,34.1,22489.6,43415.8,1,1,0,,0,0,0.0,0,0,0,,,0,0,1
24660.3,455.83,,111,34.2,22526.5,43378.9,1,1,0,,0,0,0.0,0,0,0,,,0,0,1
24720.4,470.14,,111,34.2,22563.7,43341.8,1,1,0,,0,0,0.0,0,0,0,,,0,0,1
24780.5,456.3,,111,34.3,22593.7,43311.8,1,1,0,,0,0,0.0,0,0,0,,,0,0,1
24840.0,457.08,,111,34.3,22602.8,43302.6,1,1,0,,0,0,0.0,0,0,0,,,0,0,1
24900.1,457.18,,111,34.3,22581.5,43323.9,1,1,0,,0,0,0.0,0,0,0,,,0,0,1
24960.2,457.21,,111,34.3,22613.0,43292.5,1,1,0,,0,0,0.0,0,0,0,,,0,0,1
25020.3,457.27,,111,34.3,22602.6,43302.8,1,1,0,,0,0,0.0,0,0,0,,,0,0,1
25080.3,455.22,,111,33.3,21933.9,43971.5,1,1,0,,0,0,0.0,0,0,0,,,0,0,1
25140.4,469.62,,111,33.3,21939.5,43965.9,1,1,0,,0,0,0.0,0,0,0,,,0,0,1
25200.5,475.18,,111,33.3,21943.3,43962.1,1,1,0,,0,0,0.0,0,0,0,,,0,0,1
25260.1,456.18,,111,33.3,21961.3,43944.2,1,1,0,,0,0,0.0,0,0,0,,,0,0,1
25320.1,456.89,,111,33.4,21990.8,43914.7,1,1,0,,0,0,0.0,0,0,0,,,0,0,1
25380.2,470.83,,111,33.3,21961.9,43943.5,1,1,0,,0,0,0.0,0,0,0,,,0,0,1
25440.3,456.91,,111,33.4,22001.3,43904.2,1,1,0,,0,0,0.0,0,0,0,,,0,0,1
25500.3,476.17,,111,33.4,22008.6,43896.9,1,1,0,,0,0,0.0,0,0,0,,,0,0,1
25560.4,457.06,,111,33.4,21984.8,43920.6,1,1,0,,0,0,0.0,0,0,0,,,0,0,1
25620.5,455.77,,111,33.4,22036.9,43868.5,1,1,0,,0,0,0.0,0,0,0,,,0,0,1
25680.1,455.7,,111,33.4,22035.9,43869.5,1,1,0,,0,0,0.0,0,0,0,,,0,0,1
25740.1,455.99,,111,33.6,22117.9,43787.5,1,1,0,,0,0,0.0,0,0,0,,,0,0,1
25800.2,456.25,,111,33.5,22101.3,43804.2,1,1,0,,0,0,0.0,0,0,0,,,0,0,1
25860.3,455.71,,111,33.6,22127.8,43777.6,1,1,0,,0,0,0.0,0,0,0,,,0,0,1
25920.3,455.63,,111,33.6,22150.9,43754.5,1,1,0,,0,0,0.0,0,0,0,,,0,0,1
25980.4,455.81,,111,33.6,22174.1,43731.4,1,1,0,,0,0,0.0,0,0,0,,,0,0,1
26040.0,475.38,,111,33.7,22180.3,43725.2,1,1,0,,0,0,0.0,0,0,0,,,0,0,1
26100.1,456.95,,111,33.7,22194.0,43711.4,1,1,0,,0,0,0.0,0,0,0,,,0,0,1
26160.2,457.33,,111,33.7,22230.2,43675.3,1,1,0,,0,0,0.0,0,0,0,,,0,0,1
26220.2,457.1,,111,33.7,22228.0,43677.5,1,1,0,,0,0,0.0,0,0,0,,,0,0,1
26280.3,457.23,,111,33.7,22185.6,43719.9,1,1,0,,0,0,0.0,0,0,0,,,0,0,1
26340.4,455.75,,111,33.7,22229.4,43676.0,1,1,0,,0,0,0.0,0,0,0,,,0,0,1
26400.5,455.91,,111,33.7,22219.9,43685.6,1,1,0,,0,0,0.0,0,0,0,,,0,0,1
26460.0,470.25,,111,33.8,22249.6,43655.9,1,1,0,,0,0,0.0,0,0,0,,,0,0,1
26520.1,456.36,,111,33.7,22229.9,43675.6,1,1,0,,0,0,0.0,0,0,0,,,0,0,1
26580.2,472.28,,111,33.8,22257.6,43647.8,1,1,0,,0,0,0.0,0,0,0,,,0,0,1
26640.2,476.39,,111,33.8,22252.1,43653.4,1,1,0,,0,0,0.0,0,0,0,,,0,0,1
26700.3,471.22,,111,33.9,22337.0,43568.4,1,1,0,,0,0,0.0,0,0,0,,,0,0,1
26760.4,457.27,,111,33.9,22317.4,43588.1,1,1,0,,0,0,0.0,0,0,0,,,0,0,1
26820.5,468.23,,111,33.9,22359.2,43546.2,1,1,0,,0,0,0.0,0,0,0,,,0,0,1
26880.0,470.01,,111,33.9,22358.2,43547.2,1,1,0,,0,0,0.0,0,0,0,,,0,0,1
26940.1,456.29,,111,33.9,22349.2,43556.2,1,1,0,,0,0,0.0,0,0,0,,,0,0,1
27000.2,456.33,,111,33.9,22363.0,43542.4,1,1,0,,0,0,0.0,0,0,0,,,0,0,1
27060.3,470.05,,111,33.9,22365.4,43540.1,1,1,0,,0,0,0.0,0,0,0,,,0,0,1
27120.4,471.23,,111,34.0,22377.2,43528.3,1,1,0,,0,0,0.0,0,0,0,,,0,0,1
27180.4,457.26,,111,33.9,22352.5,43553.0,1,1,0,,0,0,0.0,0,0,0,,,0,0,1
27240.0,457.46,,111,33.9,22345.7,43559.8,1,1,0,,0,0,0.0,0,0,0,,,0,0,1
27300.1,471.66,,111,34.0,22422.3,43483.1,1,1,0,,0,0,0.0,0,0,0,,,0,0,1
27360.2,475.17,,111,34.1,22452.4,43453.1,1,1,0,,0,0,0.0,0,0,0,,,0,0,1
27420.3,470.12,,111,34.1,22453.9,43451.5,1,1,0,,0,0,0.0,0,0,0,,,0,0,1
27480.3,456.37,,111,34.1,22445.8,43459.6,1,1,0,,0,0,0.0,0,0,0,,,0,0,1
27540.4,475.93,,111,34.4,22675.2,43230.3,1,1,0,,0,0,0.0,0,0,0,,,0,0,1
27600.5,471.58,,111,34.4,22695.6,43209.8,1,1,0,,0,0,0.0,0,0,0,,,0,0,1
27660.1,457.31,,111,34.4,22678.5,43227.0,1,1,0,,0,0,0.0,0,0,0,,,0,0,1
27720.2,471.45,,111,34.5,22727.7,43177.7,1,1,0,,0,0,0.0,0,0,0,,,0,0,1
27780.2,457.52,,111,34.6,22778.2,43127.2,1,1,0,,0,0,0.0,0,0,0,,,0,0,1
27840.3,469.89,,111,34.5,22749.2,43156.2,1,1,0,,0,0,0.0,0,0,0,,,0,0,1
27900.4,469.65,,111,34.5,22753.9,43151.5,1,1,0,,0,0,0.0,0,0,0,,,0,0,1
27960.5,456.1,,111,34.5,22770.2,43135.3,1,1,0,,0,0,0.0,0,0,0,,,0,0,1
28020.1,456.44,,111,34.5,22742.9,43162.5,1,1,0,,0,0,0.0,0,0,0,,,0,0,1
28080.1,470.33,,111,34.6,22782.4,43123.0,1,1,0,,0,0,0.0,0,0,0,,,0,0,1
28140.2,456.56,,111,34.5,22746.1,43159.4,1,1,0,,0,0,0.0,0,0,0,,,0,0,1
28200.3,456.49,,111,34.6,22819.6,43085.9,1,1,0,,0,0,0.0,0,0,0,,,0,0,1
28260.3,456.97,,111,34.6,22820.7,43084.7,1,1,0,,0,0,0.0,0,0,0,,,0,0,1
28320.4,467.5,,111,34.7,22847.2,43058.3,1,1,0,,0,0,0.0,0,0,0,,,0,0,1
28380.0,456.2,,111,34.6,22827.0,43078.5,1,1,0,,0,0,0.0,0,0,0,,,0,0,1
28440.1,470.56,,111,34.7,22837.6,43067.8,1,1,0,,0,0,0.0,0,0,0,,,0,0,1
28500.2,475.42,,111,34.7,22888.5,43017.0,1,1,0,,0,0,0.0,0,0,0,,,0,0,1
28560.3,456.79,,111,34.8,22908.5,42996.9,1,1,0,,0,0,0.0,0,0,0,,,0,0,1
28620.3,456.09,,111,34.8,22936.6,42968.9,1,1,0,,0,0,0.0,0,0,0,,,0,0,1
28680.4,470.26,,111,34.6,22818.3,43087.2,1,1,0,,0,0,0.0,0,0,0,,,0,0,1
28740.5,456.43,,111,34.6,22817.0,43088.5,1,1,0,,0,0,0.0,0,0,0,,,0,0,1
28800.1,470.75,,111,34.6,22825.0,43080.4,1,1,0,,0,0,0.0,0,0,0,,,0,0,1
28860.1,471.89,,111,34.6,22786.7,43118.7,1,1,0,,0,0,0.0,0,0,0,,,0,0,1
28920.2,457.89,,111,34.6,22816.1,43089.3,1,1,0,,0,0,0.0,0,0,0,,,0,0,1
28980.3,457.95,,111,34.7,22860.2,43045.3,1,1,0,,0,0,0.0,0,0,0,,,0,0,1
29040.4,457.83,,111,34.7,22844.1,43061.4,1,1,0,,0,0,0.0,0,0,0,,,0,0,1
29100.5,456.36,,111,34.7,22862.2,43043.3,1,1,0,,0,0,0.0,0,0,0,,,0,0,1
29160.1,456.55,,111,34.7,22885.2,43020.3,1,1,0,,0,0,0.0,0,0,0,,,0,0,1
29220.1,456.86,,111,34.7,22890.8,43014.6,1,1,0,,0,0,0.0,0,0,0,,,0,0,1
29280.2,457.97,,111,34.7,22879.9,43025.5,1,1,0,,0,0,0.0,0,0,0,,,0,0,1
29340.3,458.53,,111,34.8,22914.8,42990.7,1,1,0,,0,0,0.0,0,0,0,,,0,0,1
29400.4,458.59,,111,34.8,22923.1,42982.4,1,1,0,,0,0,0.0,0,0,0,,,0,0,1
29460.4,472.73,,111,34.8,22962.4,42943.0,1,1,0,,0,0,0.0,0,0,0,,,0,0,1
29520.0,458.72,,111,34.9,22994.1,42911.4,1,1,0,,0,0,0.0,0,0,0,,,0,0,1
29580.1,470.17,,111,34.9,23022.4,42883.1,1,1,0,,0,0,0.0,0,0,0,,,0,0,1
29640.2,464.54,,111,34.9,23009.6,42895.8,1,1,0,,0,0,0.0,0,0,0,,,0,0,1
29700.3,470.51,,111,34.9,23015.5,42890.0,1,1,0,,0,0,0.0,0,0,0,,,0,0,1
29760.3,457.55,,111,34.9,23020.5,42884.9,1,1,0,,0,0,0.0,0,0,0,,,0,0,1
29820.4,458.42,,111,35.0,23065.1,42840.4,1,1,0,,0,0,0.0,0,0,0,,,0,0,1
29880.5,458.72,,111,35.0,23048.1,42857.4,1,1,0,,0,0,0.0,0,0,0,,,0,0,1
29940.1,472.58,,111,34.9,23032.0,42873.4,1,1,0,,0,0,0.0,0,0,0,,,0,0,1
30000.2,458.65,,111,35.0,23074.5,42831.0,1,1,0,,0,0,0.0,0,0,0,,,0,0,1
30060.3,472.75,,111,35.1,23112.9,42792.6,1,1,0,,0,0,0.0,0,0,0,,,0,0,1
30120.4,475.72,,111,35.2,23179.6,42725.9,1,1,0,,0,0,0.0,0,0,0,,,0,0,1
30180.5,456.38,,111,35.1,23159.1,42746.4,1,1,0,,0,0,0.0,0,0,0,,,0,0,1
30240.0,456.57,,111,35.1,23153.0,42752.4,1,1,0,,0,0,0.0,0,0,0,,,0,0,1
30300.1,457.02,,111,35.1,23155.3,42750.2,1,1,0,,0,0,0.0,0,0,0,,,0,0,1
30360.2,458.04,,111,35.2,23187.9,42717.5,1,1,0,,0,0,0.0,0,0,0,,,0,0,1
30420.3,472.07,,111,35.2,23213.9,42691.6,1,1,0,,0,0,0.0,0,0,0,,,0,0,1
30480.3,471.81,,111,35.3,23232.9,42672.6,1,1,0,,0,0,0.0,0,0,0,,,0,0,1
30540.4,471.95,,111,35.3,23255.3,42650.2,1,1,0,,0,0,0.0,0,0,0,,,0,0,1
30600.0,456.49,,111,35.2,23222.5,42682.9,1,1,0,,0,0,0.0,0,0,0,,,0,0,1
30660.1,456.66,,111,35.3,23261.6,42643.8,1,1,0,,0,0,0.0,0,0,0,,,0,0,1
30720.2,471.05,,111,35.3,23242.9,42662.5,1,1,0,,0,0,0.0,0,0,0,,,0,0,1
30780.3,457.8,,111,35.2,23221.1,42684.3,1,1,0,,0,0,0.0,0,0,0,,,0,0,1
30840.3,472.71,,111,35.3,23246.3,42659.2,1,1,0,,0,0,0.0,0,0,0,,,0,0,1
30900.4,459.95,,111,35.3,23241.2,42664.2,1,1,0,,0,0,0.0,0,0,0,,,0,0,1
30960.5,472.81,,111,35.3,23289.3,42616.2,1,1,0,,0,0,0.0,0,0,0,,,0,0,1
31020.0,458.68,,111,35.4,23314.6,42590.9,1,1,0,,0,0,0.0,0,0,0,,,0,0,1
31080.1,459.31,,111,35.4,23330.9,42574.5,1,1,0,,0,0,0.0,0,0,0,,,0,0,1
31140.2,473.38,,111,35.3,23296.5,42609.0,1,1,0,,0,0,0.0,0,0,0,,,0,0,1
31200.3,473.45,,111,35.4,23343.2,42562.3,1,1,0,,0,0,0.0,0,0,0,,,0,0,1
31260.4,459.48,,111,35.5,23372.1,42533.4,1,1,0,,0,0,0.0,0,0,0,,,0,0,1
31320.4,453.82,,111,35.5,23373.7,42531.7,1,1,0,,0,0,0.0,0,0,0,,,0,0,1
31380.5,471.03,,111,35.8,23586.3,42319.1,1,1,0,,0,0,0.0,0,0,0,,,0,0,1
31440.1,471.2,,111,35.8,23574.4,42331.0,1,1,0,,0,0,0.0,0,0,0,,,0,0,1
31500.1,471.33,,111,35.8,23603.8,42301.7,1,1,0,,0,0,0.0,0,0,0,,,0,0,1
31560.2,458.59,,111,35.8,23599.5,42306.0,1,1,0,,0,0,0.0,0,0,0,,,0,0,1
31620.3,457.87,,111,35.8,23566.0,42339.4,1,1,0,,0,0,0.0,0,0,0,,,0,0,1
31680.4,457.88,,111,35.8,23606.4,42299.1,1,1,0,,0,0,0.0,0,0,0,,,0,0,1
31740.4,472.0,,111,35.9,23637.5,42267.9,1,1,0,,0,0,0.0,0,0,0,,,0,0,1
31800.5,458.19,,111,35.8,23592.8,42312.6,1,1,0,,0,0,0.0,0,0,0,,,0,0,1
31860.1,456.84,,111,35.8,23584.9,42320.5,1,1,0,,0,0,0.0,0,0,0,,,0,0,1
31920.1,457.86,,111,35.9,23629.9,42275.6,1,1,0,,0,0,0.0,0,0,0,,,0,0,1
31980.2,457.03,,111,35.9,23633.3,42272.1,1,1,0,,0,0,0.0,0,0,0,,,0,0,1
32040.2,457.52,,111,35.9,23657.3,42248.1,1,1,0,,0,0,0.0,0,0,0,,,0,0,1
32100.3,472.32,,111,35.9,23681.4,42224.1,1,1,0,,0,0,0.0,0,0,0,,,0,0,1
32160.4,472.06,,111,35.9,23692.0,42213.4,1,1,0,,0,0,0.0,0,0,0,,,0,0,1
32220.0,479.65,,111,36.0,23704.9,42200.6,1,1,0,,0,0,0.0,0,0,0,,,0,0,1
32280.1,458.53,,111,33.6,22148.3,43757.2,1,1,0,,0,0,0.0,0,0,0,,,0,0,1
32340.2,471.09,,111,33.7,22189.1,43716.3,1,1,0,,0,0,0.0,0,0,0,,,0,0,1
32400.2,457.29,,111,33.6,22173.3,43732.1,1,1,0,,0,0,0.0,0,0,0,,,0,0,1
32460.3,457.3,,111,33.8,22265.9,43639.5,1,1,0,,0,0,0.0,0,0,0,,,0,0,1
32520.4,477.01,,111,33.8,22273.9,43631.6,1,1,0,,0,0,0.0,0,0,0,,,0,0,1
32580.5,458.78,,111,33.8,22273.6,43631.9,1,1,0,,0,0,0.0,0,0,0,,,0,0,1
32640.0,458.82,,111,33.8,22263.4,43642.1,1,1,0,,0,0,0.0,0,0,0,,,0,0,1
32700.1,458.84,,111,33.8,22269.8,43635.6,1,1,0,,0,0,0.0,0,0,0,,,0,0,1
32760.2,458.39,,111,33.8,22271.0,43634.5,1,1,0,,0,0,0.0,0,0,0,,,0,0,1
32820.3,472.76,,111,33.9,22327.2,43578.2,1,1,0,,0,0,0.0,0,0,0,,,0,0,1
32880.3,457.24,,111,33.8,22303.3,43602.1,1,1,0,,0,0,0.0,0,0,0,,,0,0,1
32940.4,457.5,,111,33.8,22296.2,43609.2,1,1,0,,0,0,0.0,0,0,0,,,0,0,1
33000.5,427.34,,72,33.9,22309.4,43596.1,1,1,0,,0,0,0.0,0,0,0,,,0,0,1
33060.0,471.26,,111,33.9,22323.3,43582.2,1,1,0,,0,0,0.0,0,0,0,,,0,0,1
33120.1,476.54,,111,33.9,22366.2,43539.2,1,1,0,,0,0,0.0,0,0,0,,,0,0,1
33180.2,458.45,,111,34.0,22377.7,43527.8,1,1,0,,0,0,0.0,0,0,0,,,0,0,1
33240.3,472.55,,111,34.1,22441.8,43463.7,1,1,0,,0,0,0.0,0,0,0,,,0,0,1
33300.3,458.58,,111,34.1,22442.3,43463.2,1,1,0,,0,0,0.0,0,0,0,,,0,0,1
33360.4,472.32,,111,33.9,22367.2,43538.3,1,1,0,,0,0,0.0,0,0,0,,,0,0,1
33420.0,472.5,,111,33.9,22324.0,43581.5,1,1,0,,0,0,0.0,0,0,0,,,0,0,1
33480.1,473.1,,113,34.2,22540.7,43364.8,1,1,0,,0,0,0.0,0,0,0,,,0,0,1
33540.1,461.16,,113,34.3,22594.1,43311.3,1,1,0,,0,0,0.0,0,0,0,,,0,0,1
33600.2,478.92,,112,34.2,22537.5,43368.0,1,1,0,,0,0,0.0,0,0,0,,,0,0,1
33660.3,473.78,,111,34.2,22552.7,43352.8,1,1,0,,0,0,0.0,0,0,0,,,0,0,1
33720.3,473.92,,111,34.2,22515.4,43390.0,1,1,0,,0,0,0.0,0,0,0,,,0,0,1
33780.4,474.18,,111,34.3,22574.9,43330.6,1,1,0,,0,0,0.0,0,0,0,,,0,0,1
33840.0,460.19,,111,34.2,22550.5,43355.0,1,1,0,,0,0,0.0,0,0,0,,,0,0,1
33900.1,459.94,,111,34.3,22574.6,43330.8,1,1,0,,0,0,0.0,0,0,0,,,0,0,1
33960.2,479.29,,111,34.3,22604.3,43301.2,1,1,0,,0,0,0.0,0,0,0,,,0,0,1
34020.2,460.3,,111,34.3,22610.1,43295.4,1,1,0,,0,0,0.0,0,0,0,,,0,0,1
34080.3,460.32,,111,34.3,22620.0,43285.4,1,1,0,,0,0,0.0,0,0,0,,,0,0,1
34140.4,460.33,,111,34.3,22609.2,43296.2,1,1,0,,0,0,0.0,0,0,0,,,0,0,1
34200.5,460.14,,111,34.3,22618.0,43287.4,1,1,0,,0,0,0.0,0,0,0,,,0,0,1
34260.0,474.41,,111,34.4,22702.7,43202.7,1,1,0,,0,0,0.0,0,0,0,,,0,0,1
34320.1,479.65,,111,34.4,22645.6,43259.8,1,1,0,,0,0,0.0,0,0,0,,,0,0,1
34380.2,460.44,,111,34.3,22607.1,43298.3,1,1,0,,0,0,0.0,0,0,0,,,0,0,1
34440.3,474.04,,111,34.4,22695.6,43209.9,1,1,0,,0,0,0.0,0,0,0,,,0,0,1
34500.3,460.35,,111,34.4,22688.5,43216.9,1,1,0,,0,0,0.0,0,0,0,,,0,0,1
34560.4,474.55,,111,34.4,22703.6,43201.8,1,1,0,,0,0,0.0,0,0,0,,,0,0,1
34620.5,460.53,,111,34.4,22697.2,43208.2,1,1,0,,0,0,0.0,0,0,0,,,0,0,1
34680.1,479.75,,111,34.5,22755.6,43149.9,1,1,0,,0,0,0.0,0,0,0,,,0,0,1
34740.1,460.41,,111,34.5,22764.1,43141.3,1,1,0,,0,0,0.0,0,0,0,,,0,0,1
34800.2,460.69,,111,34.5,22741.9,43163.6,1,1,0,,0,0,0.0,0,0,0,,,0,0,1
34860.3,474.72,,111,34.6,22777.6,43127.8,1,1,0,,0,0,0.0,0,0,0,,,0,0,1
34920.4,460.71,,111,34.6,22805.7,43099.8,1,1,0,,0,0,0.0,0,0,0,,,0,0,1
34980.5,461.6,,111,34.6,22827.2,43078.3,1,1,0,,0,0,0.0,0,0,0,,,0,0,1
35040.1,458.77,,111,34.7,22848.3,43057.2,1,1,0,,0,0,0.0,0,0,0,,,0,0,1
35100.2,459.06,,111,34.7,22839.3,43066.2,1,1,0,,0,0,0.0,0,0,0,,,0,0,1
35160.2,459.28,,111,34.6,22825.7,43079.7,1,1,0,,0,0,0.0,0,0,0,,,0,0,1
35220.3,473.54,,111,34.7,22877.4,43028.0,1,1,0,,0,0,0.0,0,0,0,,,0,0,1
35280.4,474.06,,111,34.7,22842.0,43063.4,1,1,0,,0,0,0.0,0,0,0,,,0,0,1
35340.5,459.81,,111,34.7,22879.2,43026.3,1,1,0,,0,0,0.0,0,0,0,,,0,0,1
35400.0,473.91,,111,34.7,22900.8,43004.7,1,1,0,,0,0,0.0,0,0,0,,,0,0,1
35460.1,460.89,,111,34.7,22875.8,43029.7,1,1,0,,0,0,0.0,0,0,0,,,0,0,1
35520.2,475.37,,111,34.8,22962.6,42942.8,1,1,0,,0,0,0.0,0,0,0,,,0,0,1
35580.3,461.03,,111,34.8,22950.1,42955.4,1,1,0,,0,0,0.0,0,0,0,,,0,0,1
35640.4,461.18,,111,34.8,22907.1,42998.3,1,1,0,,0,0,0.0,0,0,0,,,0,0,1
35700.4,475.29,,111,34.8,22942.3,42963.1,1,1,0,,0,0,0.0,0,0,0,,,0,0,1
35760.0,461.46,,111,34.8,22951.7,42953.8,1,1,0,,0,0,0.0,0,0,0,,,0,0,1
35820.1,475.59,,111,34.9,22991.1,42914.4,1,1,0,,0,0,0.0,0,0,0,,,0,0,1
35880.1,475.32,,111,33.9,22318.4,43587.0,1,1,0,,0,0,0.0,0,0,0,,,0,0,1
35940.2,475.32,,111,33.9,22319.0,43586.5,1,1,0,,0,0,0.0,0,0,0,,,0,0,1
36000.3,461.46,,111,33.9,22316.5,43589.0,1,1,0,,0,0,0.0,0,0,0,,,0,0,1
36060.4,473.13,,111,33.9,22359.2,43546.3,1,1,0,,0,0,0.0,0,0,0,,,0,0,1
36120.5,459.2,,111,33.9,22335.9,43569.5,1,1,0,,0,0,0.0,0,0,0,,,0,0,1
36180.0,459.19,,111,33.9,22344.3,43561.2,1,1,0,,0,0,0.0,0,0,0,,,0,0,1
36240.1,463.5,,111,34.0,22415.0,43490.4,1,1,0,,0,0,0.0,0,0,0,,,0,0,1
36300.2,460.28,,111,34.0,22414.6,43490.8,1,1,0,,0,0,0.0,0,0,0,,,0,0,1
36360.3,474.32,,111,34.0,22399.2,43506.2,1,1,0,,0,0,0.0,0,0,0,,,0,0,1
36420.3,459.86,,111,34.1,22448.1,43457.3,1,1,0,,0,0,0.0,0,0,0,,,0,0,1
36480.4,475.1,,111,34.1,22472.3,43433.1,1,1,0,,0,0,0.0,0,0,0,,,0,0,1
36540.0,461.51,,111,34.0,22438.3,43467.2,1,1,0,,0,0,0.0,0,0,0,,,0,0,1
36600.1,480.73,,111,34.1,22483.5,43422.0,1,1,0,,0,0,0.0,0,0,0,,,0,0,1
36660.2,461.52,,111,34.1,22478.2,43427.3,1,1,0,,0,0,0.0,0,0,0,,,0,0,1
36720.2,461.4,,111,34.1,22460.4,43445.1,1,1,0,,0,0,0.0,0,0,0,,,0,0,1
36780.3,480.99,,111,34.2,22543.5,43362.0,1,1,0,,0,0,0.0,0,0,0,,,0,0,1
36840.4,461.77,,111,34.2,22524.7,43380.8,1,1,0,,0,0,0.0,0,0,0,,,0,0,1
36900.5,467.05,,111,34.2,22562.2,43343.2,1,1,0,,0,0,0.0,0,0,0,,,0,0,1
36960.1,475.89,,111,34.3,22591.9,43313.5,1,1,0,,0,0,0.0,0,0,0,,,0,0,1
37020.1,459.08,,111,34.2,22565.5,43340.0,1,1,0,,0,0,0.0,0,0,0,,,0,0,1
37080.2,478.6,,111,34.2,22568.0,43337.5,1,1,0,,0,0,0.0,0,0,0,,,0,0,1
37140.2,459.71,,111,34.2,22559.1,43346.4,1,1,0,,0,0,0.0,0,0,0,,,0,0,1
37200.3,474.64,,111,34.3,22611.6,43293.8,1,1,0,,0,0,0.0,0,0,0,,,0,0,1
37260.4,461.37,,111,34.3,22581.9,43323.6,1,1,0,,0,0,0.0,0,0,0,,,0,0,1
37320.0,461.37,,111,34.4,22664.2,43241.3,1,1,0,,0,0,0.0,0,0,0,,,0,0,1
37380.1,461.42,,111,34.4,22661.3,43244.2,1,1,0,,0,0,0.0,0,0,0,,,0,0,1
37440.2,461.43,,111,34.3,22638.2,43267.2,1,1,0,,0,0,0.0,0,0,0,,,0,0,1
37500.2,475.49,,111,34.5,22720.8,43184.7,1,1,0,,0,0,0.0,0,0,0,,,0,0,1
37560.3,475.59,,111,34.5,22713.9,43191.6,1,1,0,,0,0,0.0,0,0,0,,,0,0,1
37620.4,461.64,,111,34.5,22709.9,43195.6,1,1,0,,0,0,0.0,0,0,0,,,0,0,1
37680.0,461.69,,111,34.5,22719.2,43186.3,1,1,0,,0,0,0.0,0,0,0,,,0,0,1
37740.1,475.87,,111,34.5,22723.4,43182.0,1,1,0,,0,0,0.0,0,0,0,,,0,0,1
37800.1,462.01,,111,34.5,22721.9,43183.5,1,1,0,,0,0,0.0,0,0,0,,,0,0,1
37860.2,475.85,,111,34.5,22731.8,43173.6,1,1,0,,0,0,0.0,0,0,0,,,0,0,1
37920.3,461.87,,111,34.5,22745.3,43160.1,1,1,0,,0,0,0.0,0,0,0,,,0,0,1
37980.4,475.98,,111,34.5,22735.4,43170.1,1,1,0,,0,0,0.0,0,0,0,,,0,0,1
38040.4,459.58,,111,34.5,22748.8,43156.7,1,1,0,,0,0,0.0,0,0,0,,,0,0,1
38100.0,459.7,,111,34.6,22796.0,43109.4,1,1,0,,0,0,0.0,0,0,0,,,0,0,1
38160.1,473.66,,111,34.6,22778.4,43127.0,1,1,0,,0,0,0.0,0,0,0,,,0,0,1
38220.1,476.05,,111,34.6,22792.5,43113.0,1,1,0,,0,0,0.0,0,0,0,,,0,0,1
38280.2,474.71,,111,34.6,22801.6,43103.8,1,1,0,,0,0,0.0,0,0,0,,,0,0,1
38340.3,460.7,,111,34.7,22845.8,43059.6,1,1,0,,0,0,0.0,0,0,0,,,0,0,1
38400.3,474.08,,111,34.7,22844.0,43061.5,1,1,0,,0,0,0.0,0,0,0,,,0,0,1
38460.4,475.57,,111,34.7,22900.3,43005.1,1,1,0,,0,0,0.0,0,0,0,,,0,0,1
38520.0,476.1,,111,34.8,22911.7,42993.8,1,1,0,,0,0,0.0,0,0,0,,,0,0,1
38580.1,462.1,,111,34.8,22916.0,42989.4,1,1,0,,0,0,0.0,0,0,0,,,0,0,1
38640.2,462.11,,111,34.7,22900.2,43005.2,1,1,0,,0,0,0.0,0,0,0,,,0,0,1
38700.2,462.08,,111,34.8,22957.2,42948.3,1,1,0,,0,0,0.0,0,0,0,,,0,0,1
38760.3,476.52,,111,34.8,22949.6,42955.8,1,1,0,,0,0,0.0,0,0,0,,,0,0,1
38820.4,460.85,,111,34.9,22981.6,42923.8,1,1,0,,0,0,0.0,0,0,0,,,0,0,1
38880.5,480.17,,111,34.9,22969.2,42936.3,1,1,0,,0,0,0.0,0,0,0,,,0,0,1
38940.0,461.32,,111,34.9,22977.7,42927.8,1,1,0,,0,0,0.0,0,0,0,,,0,0,1
39000.1,461.26,,111,34.9,22996.7,42908.8,1,1,0,,0,0,0.0,0,0,0,,,0,0,1
39060.2,476.53,,111,35.0,23037.7,42867.7,1,1,0,,0,0,0.0,0,0,0,,,0,0,1
39120.3,476.56,,111,34.9,22984.3,42921.2,1,1,0,,0,0,0.0,0,0,0,,,0,0,1
39180.3,462.56,,111,35.0,23050.7,42854.8,1,1,0,,0,0,0.0,0,0,0,,,0,0,1
39240.4,476.69,,111,35.0,23036.5,42869.0,1,1,0,,0,0,0.0,0,0,0,,,0,0,1
39300.5,462.85,,111,35.0,23051.4,42854.0,1,1,0,,0,0,0.0,0,0,0,,,0,0,1
39360.0,462.88,,111,35.0,23050.4,42855.1,1,1,0,,0,0,0.0,0,0,0,,,0,0,1
39420.1,482.12,,111,35.0,23095.5,42809.9,1,1,0,,0,0,0.0,0,0,0,,,0,0,1
39480.2,462.91,,111,33.9,22363.5,43541.9,1,1,0,,0,0,0.0,0,0,0,,,0,0,1
39540.2,462.96,,111,34.0,22391.3,43514.1,1,1,0,,0,0,0.0,0,0,0,,,0,0,1
39600.3,476.96,,111,34.0,22432.0,43473.5,1,1,0,,0,0,0.0,0,0,0,,,0,0,1
39660.4,476.96,,111,34.0,22431.5,43473.9,1,1,0,,0,0,0.0,0,0,0,,,0,0,1
39720.5,477.32,,111,34.1,22459.9,43445.6,1,1,0,,0,0,0.0,0,0,0,,,0,0,1
39780.1,476.99,,111,34.1,22479.8,43425.6,1,1,0,,0,0,0.0,0,0,0,,,0,0,1
39840.1,462.74,,111,34.1,22496.2,43409.3,1,1,0,,0,0,0.0,0,0,0,,,0,0,1
39900.2,462.95,,111,34.1,22477.0,43428.4,1,1,0,,0,0,0.0,0,0,0,,,0,0,1
39960.3,462.95,,111,34.1,22493.6,43411.9,1,1,0,,0,0,0.0,0,0,0,,,0,0,1
40020.4,469.32,,111,34.1,22493.6,43411.9,1,1,0,,0,0,0.0,0,0,0,,,0,0,1
40080.4,477.25,,111,34.2,22508.3,43397.2,1,1,0,,0,0,0.0,0,0,0,,,0,0,1
40140.0,477.01,,111,34.2,22564.5,43341.0,1,1,0,,0,0,0.0,0,0,0,,,0,0,1
40200.1,414.83,,72,34.1,22496.1,43409.4,1,1,0,,0,0,0.0,0,0,0,,,0,0,1
40260.2,460.88,,111,34.2,22568.3,43337.2,1,1,0,,0,0,0.0,0,0,0,,,0,0,1
40320.3,480.35,,111,34.3,22621.7,43283.7,1,1,0,,0,0,0.0,0,0,0,,,0,0,1
40380.3,462.09,,111,34.3,22596.5,43309.0,1,1,0,,0,0,0.0,0,0,0,,,0,0,1
40440.4,476.14,,111,34.3,22610.2,43295.3,1,1,0,,0,0,0.0,0,0,0,,,0,0,1
40500.4,463.16,,111,34.3,22599.1,43306.3,1,1,0,,0,0,0.0,0,0,0,,,0,0,1
40560.0,463.17,,111,34.3,22615.1,43290.4,1,1,0,,0,0,0.0,0,0,0,,,0,0,1
40620.1,477.21,,111,34.4,22655.1,43250.4,1,1,0,,0,0,0.0,0,0,0,,,0,0,1
40680.2,477.22,,111,34.5,22711.3,43194.2,1,1,0,,0,0,0.0,0,0,0,,,0,0,1
40740.2,460.16,,111,34.4,22680.2,43225.3,1,1,0,,0,0,0.0,0,0,0,,,0,0,1
40800.3,461.2,,111,34.5,22706.8,43198.7,1,1,0,,0,0,0.0,0,0,0,,,0,0,1
40860.4,461.57,,111,34.4,22693.6,43211.9,1,1,0,,0,0,0.0,0,0,0,,,0,0,1
40920.5,461.92,,111,34.5,22741.3,43164.2,1,1,0,,0,0,0.0,0,0,0,,,0,0,1
40980.1,463.01,,111,34.6,22781.1,43124.3,1,1,0,,0,0,0.0,0,0,0,,,0,0,1
41040.1,476.98,,111,34.6,22799.1,43106.4,1,1,0,,0,0,0.0,0,0,0,,,0,0,1
41100.2,477.05,,111,34.6,22829.3,43076.2,1,1,0,,0,0,0.0,0,0,0,,,0,0,1
41160.3,477.09,,111,34.6,22821.8,43083.7,1,1,0,,0,0,0.0,0,0,0,,,0,0,1
41220.3,463.2,,111,34.6,22822.8,43082.6,1,1,0,,0,0,0.0,0,0,0,,,0,0,1
41280.4,463.52,,111,34.7,22838.0,43067.5,1,1,0,,0,0,0.0,0,0,0,,,0,0,1
41340.5,482.53,,111,34.7,22844.1,43061.4,1,1,0,,0,0,0.0,0,0,0,,,0,0,1
41400.1,463.34,,111,34.6,22815.5,43090.0,1,1,0,,0,0,0.0,0,0,0,,,0,0,1
41460.1,463.43,,111,34.7,22885.4,43020.0,1,1,0,,0,0,0.0,0,0,0,,,0,0,1
41520.2,463.68,,111,34.6,22832.9,43072.5,1,1,0,,0,0,0.0,0,0,0,,,0,0,1
41580.3,482.9,,111,34.8,22902.5,43002.9,1,1,0,,0,0,0.0,0,0,0,,,0,0,1
41640.4,463.42,,111,34.8,22908.1,42997.3,1,1,0,,0,0,0.0,0,0,0,,,0,0,1
41700.4,467.21,,111,34.8,22913.7,42991.8,1,1,0,,0,0,0.0,0,0,0,,,0,0,1
41760.0,463.84,,111,34.8,22941.5,42963.9,1,1,0,,0,0,0.0,0,0,0,,,0,0,1
41820.1,477.86,,111,34.8,22923.4,42982.0,1,1,0,,0,0,0.0,0,0,0,,,0,0,1
41880.1,482.79,,111,34.8,22925.6,42979.8,1,1,0,,0,0,0.0,0,0,0,,,0,0,1
41940.2,477.73,,111,34.9,22971.7,42933.7,1,1,0,,0,0,0.0,0,0,0,,,0,0,1
42000.3,463.31,,111,35.0,23088.3,42817.1,1,1,0,,0,0,0.0,0,0,0,,,0,0,1
42060.3,463.33,,111,34.9,23019.5,42885.9,1,1,0,,0,0,0.0,0,0,0,,,0,0,1
42120.4,463.34,,111,35.0,23062.4,42843.0,1,1,0,,0,0,0.0,0,0,0,,,0,0,1
42180.5,464.39,,111,35.0,23058.1,42847.3,1,1,0,,0,0,0.0,0,0,0,,,0,0,1
42240.0,477.37,,111,35.1,23126.9,42778.6,1,1,0,,0,0,0.0,0,0,0,,,0,0,1
42300.1,463.35,,111,35.1,23135.4,42770.0,1,1,0,,0,0,0.0,0,0,0,,,0,0,1
42360.2,477.37,,111,35.1,23131.3,42774.2,1,1,0,,0,0,0.0,0,0,0,,,0,0,1
42420.2,477.39,,111,35.1,23101.2,42804.2,1,1,0,,0,0,0.0,0,0,0,,,0,0,1
42480.3,463.37,,111,35.0,23062.3,42843.2,1,1,0,,0,0,0.0,0,0,0,,,0,0,1
42540.4,477.41,,111,35.1,23112.4,42793.1,1,1,0,,0,0,0.0,0,0,0,,,0,0,1
42600.5,482.66,,111,35.1,23104.6,42800.8,1,1,0,,0,0,0.0,0,0,0,,,0,0,1
42660.1,477.47,,111,35.2,23190.6,42714.9,1,1,0,,0,0,0.0,0,0,0,,,0,0,1
42720.1,462.94,,111,35.1,23161.4,42744.1,1,1,0,,0,0,0.0,0,0,0,,,0,0,1
42780.2,470.95,,72,35.1,23120.3,42785.2,1,1,0,,0,0,0.0,0,0,0,,,0,0,1
42840.3,470.95,,72,35.2,23172.5,42732.9,1,1,0,,0,0,0.0,0,0,0,,,0,0,1
42900.4,462.95,,111,35.2,23186.0,42719.4,1,1,0,,0,0,0.0,0,0,0,,,0,0,1
42960.4,462.97,,111,35.2,23219.7,42685.8,1,1,0,,0,0,0.0,0,0,0,,,0,0,1
43020.0,467.71,,111,35.3,23259.8,42645.7,1,1,0,,0,0,0.0,0,0,0,,,0,0,1
43080.1,464.22,,111,34.3,22602.5,43302.9,1,1,0,,0,0,0.0,0,0,0,,,0,0,1
43140.2,465.71,,111,34.5,22722.9,43182.5,1,1,0,,0,0,0.0,0,0,0,,,0,0,1
43200.2,464.54,,111,34.5,22722.6,43182.8,1,1,0,,0,0,0.0,0,0,0,,,0,0,1
43260.3,478.58,,111,34.5,22710.4,43195.1,1,1,0,,0,0,0.0,0,0,0,,,0,0,1
43320.4,483.79,,111,34.5,22730.2,43175.2,1,1,0,,0,0,0.0,0,0,0,,,0,0,1
43380.5,478.65,,111,34.5,22727.9,43177.6,1,1,0,,0,0,0.0,0,0,0,,,0,0,1
43440.0,464.36,,111,34.5,22738.5,43166.9,1,1,0,,0,0,0.0,0,0,0,,,0,0,1
43500.1,464.45,,111,34.6,22776.5,43128.9,1,1,0,,0,0,0.0,0,0,0,,,0,0,1
43560.2,483.75,,111,34.5,22760.7,43144.8,1,1,0,,0,0,0.0,0,0,0,,,0,0,1
43620.2,464.68,,111,34.5,22765.2,43140.3,1,1,0,,0,0,0.0,0,0,0,,,0,0,1
43680.3,483.53,,111,34.5,22711.9,43193.6,1,1,0,,0,0,0.0,0,0,0,,,0,0,1
43740.4,478.47,,111,34.6,22776.5,43129.0,1,1,0,,0,0,0.0,0,0,0,,,0,0,1
43800.0,464.45,,111,34.6,22771.6,43133.8,1,1,0,,0,0,0.0,0,0,0,,,0,0,1
43860.1,478.61,,111,34.6,22789.6,43115.8,1,1,0,,0,0,0.0,0,0,0,,,0,0,1
43920.1,464.73,,111,34.6,22777.1,43128.4,1,1,0,,0,0,0.0,0,0,0,,,0,0,1
43980.2,464.48,,111,34.6,22787.2,43118.2,1,1,0,,0,0,0.0,0,0,0,,,0,0,1
44040.3,478.52,,111,34.8,22905.6,42999.8,1,1,0,,0,0,0.0,0,0,0,,,0,0,1
44100.4,464.76,,111,34.8,22910.0,42995.5,1,1,0,,0,0,0.0,0,0,0,,,0,0,1
44160.4,478.92,,111,34.8,22962.5,42943.0,1,1,0,,0,0,0.0,0,0,0,,,0,0,1
44220.0,466.09,,111,34.8,22946.5,42959.0,1,1,0,,0,0,0.0,0,0,0,,,0,0,1
44280.1,464.65,,111,34.9,22983.5,42922.0,1,1,0,,0,0,0.0,0,0,0,,,0,0,1
44340.2,478.82,,111,34.9,23003.2,42902.3,1,1,0,,0,0,0.0,0,0,0,,,0,0,1
44400.3,465.08,,111,34.9,22977.4,42928.1,1,1,0,,0,0,0.0,0,0,0,,,0,0,1
44460.3,465.08,,111,34.8,22910.8,42994.6,1,1,0,,0,0,0.0,0,0,0,,,0,0,1
44520.4,468.74,,111,34.8,22932.7,42972.7,1,1,0,,0,0,0.0,0,0,0,,,0,0,1
44580.5,479.0,,111,34.8,22947.2,42958.3,1,1,0,,0,0,0.0,0,0,0,,,0,0,1
44640.1,461.82,,111,34.8,22949.0,42956.5,1,1,0,,0,0,0.0,0,0,0,,,0,0,1
44700.1,462.59,,111,34.9,22989.3,42916.2,1,1,0,,0,0,0.0,0,0,0,,,0,0,1
44760.2,463.0,,111,34.8,22967.9,42937.6,1,1,0,,0,0,0.0,0,0,0,,,0,0,1
44820.3,477.9,,111,35.6,23481.2,42424.3,1,1,0,,0,0,0.0,0,0,0,,,0,0,1
44880.3,479.95,,111,35.7,23532.5,42373.0,1,1,0,,0,0,0.0,0,0,0,,,0,0,1
44940.4,478.82,,111,35.8,23592.4,42313.0,1,1,0,,0,0,0.0,0,0,0,,,0,0,1
45000.5,478.86,,111,35.8,23617.0,42288.5,1,1,0,,0,0,0.0,0,0,0,,,0,0,1
45060.1,478.87,,111,35.7,23561.1,42344.3,1,1,0,,0,0,0.0,0,0,0,,,0,0,1
45120.2,484.3,,111,35.7,23552.5,42352.9,1,1,0,,0,0,0.0,0,0,0,,,0,0,1
45180.2,465.17,,111,36.0,23735.8,42169.7,1,1,0,,0,0,0.0,0,0,0,,,0,0,1
45240.3,479.28,,111,36.2,23867.5,42037.9,1,1,0,,0,0,0.0,0,0,0,,,0,0,1
45300.4,479.29,,111,36.6,24101.4,41804.1,1,1,0,,0,0,0.0,0,0,0,,,0,0,1
45360.4,479.31,,111,36.3,23951.1,41954.3,1,1,0,,0,0,0.0,0,0,0,,,0,0,1
45420.0,465.32,,111,36.3,23907.2,41998.2,1,1,0,,0,0,0.0,0,0,0,,,0,0,1
45480.1,479.35,,111,36.3,23941.9,41963.5,1,1,0,,0,0,0.0,0,0,0,,,0,0,1
45540.2,479.37,,111,36.3,23939.9,41965.5,1,1,0,,0,0,0.0,0,0,0,,,0,0,1
45600.2,432.98,,72,36.2,23842.9,42062.6,1,1,0,,0,0,0.0,0,0,0,,,0,0,1
45660.3,477.0,,111,36.2,23843.4,42062.1,1,1,0,,0,0,0.0,0,0,0,,,0,0,1
45720.4,476.79,,111,36.2,23863.4,42042.1,1,1,0,,0,0,0.0,0,0,0,,,0,0,1
45780.5,463.35,,111,36.3,23944.4,41961.1,1,1,0,,0,0,0.0,0,0,0,,,0,0,1
45840.0,464.38,,111,36.3,23946.6,41958.9,1,1,0,,0,0,0.0,0,0,0,,,0,0,1
45900.1,479.32,,111,36.4,23966.5,41939.0,1,1,0,,0,0,0.0,0,0,0,,,0,0,1
45960.2,465.33,,111,36.3,23900.5,42005.0,1,1,0,,0,0,0.0,0,0,0,,,0,0,1
46020.3,484.37,,111,36.3,23920.8,41984.7,1,1,0,,0,0,0.0,0,0,0,,,0,0,1
46080.3,465.31,,111,36.4,23961.4,41944.0,1,1,0,,0,0,0.0,0,0,0,,,0,0,1
46140.4,478.65,,111,36.4,23972.3,41933.1,1,1,0,,0,0,0.0,0,0,0,,,0,0,1
46200.5,485.02,,111,36.3,23941.0,41964.4,1,1,0,,0,0,0.0,0,0,0,,,0,0,1
46260.0,464.08,,111,36.3,23906.9,41998.6,1,1,0,,0,0,0.0,0,0,0,,,0,0,1
46320.1,465.42,,111,36.3,23936.8,41968.6,1,1,0,,0,0,0.0,0,0,0,,,0,0,1
46380.2,483.64,,111,36.3,23952.2,41953.2,1,1,0,,0,0,0.0,0,0,0,,,0,0,1
46440.3,464.42,,111,36.2,23851.2,42054.2,1,1,0,,0,0,0.0,0,0,0,,,0,0,1
46500.4,468.06,,111,36.3,23938.2,41967.2,1,1,0,,0,0,0.0,0,0,0,,,0,0,1
46560.4,479.13,,111,36.3,23922.1,41983.3,1,1,0,,0,0,0.0,0,0,0,,,0,0,1
46620.1,466.53,,111,36.3,23927.3,41978.1,1,1,0,,0,0,0.0,0,0,0,,,0,0,1
46680.1,479.38,,111,35.4,23332.1,42573.3,1,1,0,,0,0,0.0,0,0,0,,,0,0,1
46740.2,465.36,,111,35.4,23348.2,42557.2,1,1,0,,0,0,0.0,0,0,0,,,0,0,1
46800.2,479.41,,111,35.5,23399.1,42506.4,1,1,0,,0,0,0.0,0,0,0,,,0,0,1
46860.3,479.29,,111,35.5,23375.3,42530.1,1,1,0,,0,0,0.0,0,0,0,,,0,0,1
46920.4,479.48,,111,35.4,23362.4,42543.0,1,1,0,,0,0,0.0,0,0,0,,,0,0,1
46980.4,464.98,,111,35.5,23381.8,42523.6,1,1,0,,0,0,0.0,0,0,0,,,0,0,1
47040.0,465.02,,111,35.5,23415.2,42490.3,1,1,0,,0,0,0.0,0,0,0,,,0,0,1
47100.1,465.04,,111,35.6,23433.3,42472.1,1,1,0,,0,0,0.0,0,0,0,,,0,0,1
47160.2,479.29,,111,35.6,23457.1,42448.4,1,1,0,,0,0,0.0,0,0,0,,,0,0,1
47220.3,480.02,,111,35.7,23499.4,42406.1,1,1,0,,0,0,0.0,0,0,0,,,0,0,1
47280.3,480.02,,111,35.6,23468.3,42437.2,1,1,0,,0,0,0.0,0,0,0,,,0,0,1
47340.4,480.03,,111,37.0,24390.6,41514.9,1,1,0,,0,0,0.0,0,0,0,,,0,0,1
47400.5,480.03,,111,37.3,24598.5,41307.0,1,1,0,,0,0,0.0,0,0,0,,,0,0,1
47460.0,478.99,,111,37.1,24459.9,41445.5,1,1,0,,0,0,0.0,0,0,0,,,0,0,1
47520.1,482.66,,111,36.8,24250.4,41655.1,1,1,0,,0,0,0.0,0,0,0,,,0,0,1
47580.2,485.13,,111,36.8,24255.5,41649.9,1,1,0,,0,0,0.0,0,0,0,,,0,0,1
47640.3,465.93,,111,36.7,24182.4,41723.1,1,1,0,,0,0,0.0,0,0,0,,,0,0,1
47700.3,465.93,,111,36.8,24237.2,41668.2,1,1,0,,0,0,0.0,0,0,0,,,0,0,1
47760.5,479.98,,111,36.8,24223.3,41682.2,1,1,0,,0,0,0.0,0,0,0,,,0,0,1
47820.0,465.97,,111,36.7,24185.2,41720.2,1,1,0,,0,0,0.0,0,0,0,,,0,0,1
47880.1,480.0,,111,36.8,24232.4,41673.1,1,1,0,,0,0,0.0,0,0,0,,,0,0,1
47940.2,480.01,,111,36.8,24238.4,41667.1,1,1,0,,0,0,0.0,0,0,0,,,0,0,1
48000.3,479.78,,111,36.9,24305.0,41600.5,1,1,0,,0,0,0.0,0,0,0,,,0,0,1
48060.4,479.8,,111,36.9,24321.8,41583.6,1,1,0,,0,0,0.0,0,0,0,,,0,0,1
48120.4,479.81,,111,36.8,24268.6,41636.8,1,1,0,,0,0,0.0,0,0,0,,,0,0,1
48180.5,483.58,,111,36.9,24338.6,41566.9,1,1,0,,0,0,0.0,0,0,0,,,0,0,1
48240.1,480.09,,111,36.9,24298.7,41606.8,1,1,0,,0,0,0.0,0,0,0,,,0,0,1
48300.1,479.83,,111,36.9,24308.9,41596.5,1,1,0,,0,0,0.0,0,0,0,,,0,0,1
48360.2,479.83,,111,36.4,24008.2,41897.3,1,1,0,,0,0,0.0,0,0,0,,,0,0,1
48420.3,465.94,,111,36.4,24014.7,41890.7,1,1,0,,0,0,0.0,0,0,0,,,0,0,1
48480.4,485.29,,111,36.5,24069.0,41836.4,1,1,0,,0,0,0.0,0,0,0,,,0,0,1
48540.4,479.84,,111,36.6,24143.5,41762.0,1,1,0,,0,0,0.0,0,0,0,,,0,0,1
48600.0,465.83,,111,36.6,24103.9,41801.6,1,1,0,,0,0,0.0,0,0,0,,,0,0,1
48660.1,465.98,,111,36.7,24201.9,41703.6,1,1,0,,0,0,0.0,0,0,0,,,0,0,1
48720.2,479.88,,111,36.7,24169.0,41736.4,1,1,0,,0,0,0.0,0,0,0,,,0,0,1
48780.3,465.85,,111,36.6,24102.3,41803.2,1,1,0,,0,0,0.0,0,0,0,,,0,0,1
48840.3,479.62,,111,36.7,24156.1,41749.3,1,1,0,,0,0,0.0,0,0,0,,,0,0,1
48900.4,479.76,,111,36.7,24165.6,41739.9,1,1,0,,0,0,0.0,0,0,0,,,0,0,1
48960.5,465.87,,111,36.7,24202.0,41703.4,1,1,0,,0,0,0.0,0,0,0,,,0,0,1
49020.1,465.89,,111,36.8,24251.1,41654.4,1,1,0,,0,0,0.0,0,0,0,,,0,0,1
49080.2,485.11,,111,36.9,24297.9,41607.6,1,1,0,,0,0,0.0,0,0,0,,,0,0,1
49140.3,480.44,,111,36.9,24304.9,41600.5,1,1,0,,0,0,0.0,0,0,0,,,0,0,1
49200.4,479.44,,111,36.8,24250.2,41655.2,1,1,0,,0,0,0.0,0,0,0,,,0,0,1
49260.4,465.42,,111,36.8,24258.9,41646.5,1,1,0,,0,0,0.0,0,0,0,,,0,0,1
49320.0,465.45,,111,36.9,24287.6,41617.8,1,1,0,,0,0,0.0,0,0,0,,,0,0,1
49380.1,466.33,,111,37.0,24370.0,41535.4,1,1,0,,0,0,0.0,0,0,0,,,0,0,1
49440.2,466.22,,111,36.9,24322.8,41582.7,1,1,0,,0,0,0.0,0,0,0,,,0,0,1
49500.3,480.38,,111,36.9,24347.2,41558.3,1,1,0,,0,0,0.0,0,0,0,,,0,0,1
49560.3,466.36,,111,37.0,24355.7,41549.8,1,1,0,,0,0,0.0,0,0,0,,,0,0,1
49620.4,466.38,,111,37.0,24358.2,41547.3,1,1,0,,0,0,0.0,0,0,0,,,0,0,1
49680.0,466.21,,111,37.1,24424.8,41480.7,1,1,0,,0,0,0.0,0,0,0,,,0,0,1
49740.1,466.42,,111,37.6,24772.4,41133.0,1,1,0,,0,0,0.0,0,0,0,,,0,0,1
49800.1,466.42,,111,37.7,24824.5,41081.0,1,1,0,,0,0,0.0,0,0,0,,,0,0,1
49860.2,481.63,,111,37.6,24792.3,41113.1,1,1,0,,0,0,0.0,0,0,0,,,0,0,1
49920.3,480.46,,111,37.7,24874.5,41031.0,1,1,0,,0,0,0.0,0,0,0,,,0,0,1
49980.4,465.0,,111,37.7,24827.8,41077.7,1,1,0,,0,0,0.0,0,0,0,,,0,0,1
50040.5,479.9,,111,37.7,24837.2,41068.2,1,1,0,,0,0,0.0,0,0,0,,,0,0,1
50100.1,465.89,,111,37.6,24809.9,41095.5,1,1,0,,0,0,0.0,0,0,0,,,0,0,1
50160.2,479.91,,111,37.8,24882.6,41022.9,1,1,0,,0,0,0.0,0,0,0,,,0,0,1
50220.3,480.05,,111,37.8,24879.4,41026.1,1,1,0,,0,0,0.0,0,0,0,,,0,0,1
50280.4,465.79,,111,37.7,24838.4,41067.1,1,1,0,,0,0,0.0,0,0,0,,,0,0,1
50340.4,485.0,,111,37.9,24945.9,40959.5,1,1,0,,0,0,0.0,0,0,0,,,0,0,1
50400.5,465.92,,111,37.8,24932.9,40972.5,1,1,0,,0,0,0.0,0,0,0,,,0,0,1
50460.1,467.24,,111,37.8,24904.0,41001.4,1,1,0,,0,0,0.0,0,0,0,,,0,0,1
50520.2,465.82,,111,37.8,24906.3,40999.2,1,1,0,,0,0,0.0,0,0,0,,,0,0,1
50580.2,479.9,,111,37.8,24927.8,40977.6,1,1,0,,0,0,0.0,0,0,0,,,0,0,1
50640.3,465.96,,111,37.9,24958.4,40947.1,1,1,0,,0,0,0.0,0,0,0,,,0,0,1
50700.4,466.09,,111,37.9,24958.5,40947.0,1,1,0,,0,0,0.0,0,0,0,,,0,0,1
50760.5,485.31,,111,37.9,25007.2,40898.2,1,1,0,,0,0,0.0,0,0,0,,,0,0,1
50820.1,479.86,,111,37.9,24968.8,40936.7,1,1,0,,0,0,0.0,0,0,0,,,0,0,1
50880.1,465.97,,111,37.9,25007.0,40898.4,1,1,0,,0,0,0.0,0,0,0,,,0,0,1
50940.2,480.14,,111,38.0,25030.0,40875.4,1,1,0,,0,0,0.0,0,0,0,,,0,0,1
51000.3,466.11,,111,38.0,25064.8,40840.7,1,1,0,,0,0,0.0,0,0,0,,,0,0,1
51060.4,480.14,,111,38.0,25061.9,40843.5,1,1,0,,0,0,0.0,0,0,0,,,0,0,1
51120.4,479.76,,111,38.0,25074.5,40830.9,1,1,0,,0,0,0.0,0,0,0,,,0,0,1
51180.0,466.0,,111,38.0,25066.7,40838.8,1,1,0,,0,0,0.0,0,0,0,,,0,0,1
51240.1,466.15,,111,38.1,25115.6,40789.8,1,1,0,,0,0,0.0,0,0,0,,,0,0,1
51300.2,480.17,,111,38.1,25086.5,40819.0,1,1,0,,0,0,0.0,0,0,0,,,0,0,1
51360.3,466.15,,111,38.1,25142.2,40763.3,1,1,0,,0,0,0.0,0,0,0,,,0,0,1
51420.4,466.04,,111,38.1,25124.3,40781.2,1,1,0,,0,0,0.0,0,0,0,,,0,0,1
51480.5,485.48,,111,38.2,25168.7,40736.8,1,1,0,,0,0,0.0,0,0,0,,,0,0,1
51540.0,480.29,,111,38.2,25148.7,40756.8,1,1,0,,0,0,0.0,0,0,0,,,0,0,1
51600.1,480.3,,111,38.2,25203.7,40701.8,1,1,0,,0,0,0.0,0,0,0,,,0,0,1
51660.2,466.1,,111,38.2,25172.1,40733.4,1,1,0,,0,0,0.0,0,0,0,,,0,0,1
51720.3,466.3,,111,38.2,25171.3,40734.2,1,1,0,,0,0,0.0,0,0,0,,,0,0,1
51780.4,480.33,,111,38.3,25221.0,40684.5,1,1,0,,0,0,0.0,0,0,0,,,0,0,1
51840.4,479.02,,111,38.3,25258.1,40647.3,1,1,0,,0,0,0.0,0,0,0,,,0,0,1
51900.0,479.26,,111,38.4,25307.9,40597.6,1,1,0,,0,0,0.0,0,0,0,,,0,0,1
51960.1,465.94,,111,38.3,25269.0,40636.5,1,1,0,,0,0,0.0,0,0,0,,,0,0,1
52020.2,466.41,,111,38.3,25252.7,40652.7,1,1,0,,0,0,0.0,0,0,0,,,0,0,1
52080.3,480.79,,111,38.4,25298.9,40606.5,1,1,0,,0,0,0.0,0,0,0,,,0,0,1
52140.3,480.79,,111,38.5,25344.2,40561.3,1,1,0,,0,0,0.0,0,0,0,,,0,0,1
52200.4,470.4,,111,38.4,25316.9,40588.6,1,1,0,,0,0,0.0,0,0,0,,,0,0,1
52260.0,480.46,,111,38.4,25325.8,40579.7,1,1,0,,0,0,0.0,0,0,0,,,0,0,1
52320.1,480.8,,111,38.4,25336.3,40569.2,1,1,0,,0,0,0.0,0,0,0,,,0,0,1
52380.2,466.83,,111,38.4,25300.8,40604.7,1,1,0,,0,0,0.0,0,0,0,,,0,0,1
52440.3,466.85,,111,38.5,25349.3,40556.2,1,1,0,,0,0,0.0,0,0,0,,,0,0,1
52500.4,466.85,,111,38.4,25332.7,40572.7,1,1,0,,0,0,0.0,0,0,0,,,0,0,1
52560.4,466.73,,111,38.4,25324.7,40580.8,1,1,0,,0,0,0.0,0,0,0,,,0,0,1
52620.0,483.14,,111,38.5,25366.1,40539.4,1,1,0,,0,0,0.0,0,0,0,,,0,0,1
52680.1,464.0,,111,38.6,25436.3,40469.1,1,1,0,,0,0,0.0,0,0,0,,,0,0,1
52740.2,464.23,,111,38.7,25481.3,40424.1,1,1,0,,0,0,0.0,0,0,0,,,0,0,1
52800.3,479.23,,111,38.7,25500.6,40404.8,1,1,0,,0,0,0.0,0,0,0,,,0,0,1
52860.3,479.95,,111,41.1,27110.6,38794.8,1,1,0,,0,0,0.0,0,0,0,,,0,0,1
52920.4,481.22,,111,39.7,26136.8,39768.7,1,1,0,,0,0,0.0,0,0,0,,,0,0,1
52980.5,466.02,,111,38.8,25577.9,40327.5,1,1,0,,0,0,0.0,0,0,0,,,0,0,1
53040.1,480.08,,111,38.7,25499.0,40406.4,1,1,0,,0,0,0.0,0,0,0,,,0,0,1
53100.1,480.15,,111,38.8,25580.8,40324.7,1,1,0,,0,0,0.0,0,0,0,,,0,0,1
53160.2,466.13,,111,38.7,25524.7,40380.8,1,1,0,,0,0,0.0,0,0,0,,,0,0,1
53220.3,480.25,,111,37.5,24687.2,41218.3,1,1,0,,0,0,0.0,0,0,0,,,0,0,1
53280.3,480.26,,111,37.5,24711.8,41193.7,1,1,0,,0,0,0.0,0,0,0,,,0,0,1
53340.4,466.46,,111,37.4,24633.9,41271.5,1,1,0,,0,0,0.0,0,0,0,,,0,0,1
53400.0,480.23,,111,37.5,24688.9,41216.5,1,1,0,,0,0,0.0,0,0,0,,,0,0,1
53460.1,466.28,,111,37.7,24827.7,41077.8,1,1,0,,0,0,0.0,0,0,0,,,0,0,1
53520.2,480.38,,111,37.6,24803.2,41102.3,1,1,0,,0,0,0.0,0,0,0,,,0,0,1
53580.3,480.62,,111,37.7,24875.6,41029.9,1,1,0,,0,0,0.0,0,0,0,,,0,0,1
53640.4,466.2,,111,37.7,24840.2,41065.2,1,1,0,,0,0,0.0,0,0,0,,,0,0,1
53700.5,480.68,,111,37.6,24780.4,41125.0,1,1,0,,0,0,0.0,0,0,0,,,0,0,1
53760.0,480.81,,111,37.6,24766.4,41139.1,1,1,0,,0,0,0.0,0,0,0,,,0,0,1
53820.1,486.21,,111,37.7,24817.1,41088.4,1,1,0,,0,0,0.0,0,0,0,,,0,0,1
53880.1,481.02,,111,36.8,24229.9,41675.6,1,1,0,,0,0,0.0,0,0,0,,,0,0,1
53940.2,481.97,,111,36.9,24299.6,41605.9,1,1,0,,0,0,0.0,0,0,0,,,0,0,1
54000.3,480.98,,111,36.9,24290.7,41614.8,1,1,0,,0,0,0.0,0,0,0,,,0,0,1
54060.3,467.09,,111,36.9,24313.5,41592.0,1,1,0,,0,0,0.0,0,0,0,,,0,0,1
54120.4,481.27,,111,37.0,24356.0,41549.5,1,1,0,,0,0,0.0,0,0,0,,,0,0,1
54180.5,467.26,,111,37.0,24357.0,41548.5,1,1,0,,0,0,0.0,0,0,0,,,0,0,1
54240.0,466.95,,111,36.9,24323.4,41582.1,1,1,0,,0,0,0.0,0,0,0,,,0,0,1
54300.1,467.32,,111,36.9,24317.7,41587.7,1,1,0,,0,0,0.0,0,0,0,,,0,0,1
54360.2,481.53,,111,36.9,24315.0,41590.5,1,1,0,,0,0,0.0,0,0,0,,,0,0,1
54420.3,481.55,,111,38.2,25170.4,40735.1,1,1,0,,0,0,0.0,0,0,0,,,0,0,1
54480.3,481.56,,111,37.8,24893.2,41012.3,1,1,0,,0,0,0.0,0,0,0,,,0,0,1
54540.4,467.42,,111,37.7,24845.3,41060.2,1,1,0,,0,0,0.0,0,0,0,,,0,0,1
54600.0,467.78,,111,37.7,24859.9,41045.5,1,1,0,,0,0,0.0,0,0,0,,,0,0,1
54660.1,481.8,,111,38.0,25026.2,40879.2,1,1,0,,0,0,0.0,0,0,0,,,0,0,1
54720.2,467.79,,111,38.4,25318.0,40587.5,1,1,0,,0,0,0.0,0,0,0,,,0,0,1
54780.2,467.66,,111,38.4,25306.8,40598.6,1,1,0,,0,0,0.0,0,0,0,,,0,0,1
54840.3,467.79,,111,38.4,25293.3,40612.2,1,1,0,,0,0,0.0,0,0,0,,,0,0,1
54900.4,481.82,,111,38.4,25337.4,40568.1,1,1,0,,0,0,0.0,0,0,0,,,0,0,1
54960.0,481.83,,111,38.4,25325.8,40579.7,1,1,0,,0,0,0.0,0,0,0,,,0,0,1
55020.1,481.85,,111,38.5,25370.6,40534.8,1,1,0,,0,0,0.0,0,0,0,,,0,0,1
55080.2,481.85,,111,38.4,25338.5,40566.9,1,1,0,,0,0,0.0,0,0,0,,,0,0,1
55140.2,467.83,,111,38.5,25367.2,40538.3,1,1,0,,0,0,0.0,0,0,0,,,0,0,1
55200.3,467.84,,111,38.5,25387.7,40517.7,1,1,0,,0,0,0.0,0,0,0,,,0,0,1
55260.4,467.85,,111,37.7,24863.4,41042.0,1,1,0,,0,0,0.0,0,0,0,,,0,0,1
55320.5,467.86,,111,37.6,24808.2,41097.2,1,1,0,,0,0,0.0,0,0,0,,,0,0,1
55380.1,467.6,,111,37.5,24740.3,41165.2,1,1,0,,0,0,0.0,0,0,0,,,0,0,1
55440.2,467.67,,111,37.6,24805.6,41099.9,1,1,0,,0,0,0.0,0,0,0,,,0,0,1
55500.2,467.75,,111,37.6,24789.9,41115.6,1,1,0,,0,0,0.0,0,0,0,,,0,0,1
55560.3,467.89,,111,37.7,24814.3,41091.1,1,1,0,,0,0,0.0,0,0,0,,,0,0,1
55620.4,467.57,,111,37.7,24865.1,41040.4,1,1,0,,0,0,0.0,0,0,0,,,0,0,1
55680.5,486.85,,111,37.6,24753.5,41152.0,1,1,0,,0,0,0.0,0,0,0,,,0,0,1
55740.0,486.85,,111,37.7,24822.9,41082.6,1,1,0,,0,0,0.0,0,0,0,,,0,0,1
55800.1,489.15,,111,36.8,24283.5,41621.9,1,1,0,,0,0,0.0,0,0,0,,,0,0,1
55860.2,468.05,,111,36.9,24341.2,41564.2,1,1,0,,0,0,0.0,0,0,0,,,0,0,1
55920.2,467.8,,111,37.6,24780.4,41125.0,1,1,0,,0,0,0.0,0,0,0,,,0,0,1
55980.3,481.85,,111,37.6,24796.2,41109.2,1,1,0,,0,0,0.0,0,0,0,,,0,0,1
56040.3,467.96,,111,37.6,24809.1,41096.3,1,1,0,,0,0,0.0,0,0,0,,,0,0,1
56100.4,468.25,,111,37.6,24763.1,41142.4,1,1,0,,0,0,0.0,0,0,0,,,0,0,1
56160.5,421.92,,72,37.5,24713.5,41192.0,1,1,0,,0,0,0.0,0,0,0,,,0,0,1
56220.0,421.92,,72,37.6,24763.3,41142.2,1,1,0,,0,0,0.0,0,0,0,,,0,0,1
56280.1,480.26,,111,37.7,24852.2,41053.2,1,1,0,,0,0,0.0,0,0,0,,,0,0,1
56340.2,466.15,,111,38.0,25017.2,40888.2,1,1,0,,0,0,0.0,0,0,0,,,0,0,1
56400.3,466.6,,111,38.0,25029.7,40875.8,1,1,0,,0,0,0.0,0,0,0,,,0,0,1
56460.3,466.68,,111,37.9,24988.4,40917.0,1,1,0,,0,0,0.0,0,0,0,,,0,0,1
56520.4,467.9,,111,37.9,24984.6,40920.9,1,1,0,,0,0,0.0,0,0,0,,,0,0,1
56580.5,482.8,,111,38.1,25077.9,40827.5,1,1,0,,0,0,0.0,0,0,0,,,0,0,1
56640.0,467.73,,111,38.0,25070.2,40835.2,1,1,0,,0,0,0.0,0,0,0,,,0,0,1
56700.1,467.81,,111,38.0,25069.1,40836.3,1,1,0,,0,0,0.0,0,0,0,,,0,0,1
56760.2,482.26,,111,38.1,25109.6,40795.9,1,1,0,,0,0,0.0,0,0,0,,,0,0,1
56820.4,468.24,,111,38.0,25057.4,40848.1,1,1,0,,0,0,0.0,0,0,0,,,0,0,1
56880.5,468.0,,111,38.1,25115.3,40790.1,1,1,0,,0,0,0.0,0,0,0,,,0,0,1
56940.1,482.16,,111,38.1,25111.2,40794.2,1,1,0,,0,0,0.0,0,0,0,,,0,0,1
57000.2,482.39,,111,38.1,25103.4,40802.0,1,1,0,,0,0,0.0,0,0,0,,,0,0,1
57060.2,468.36,,111,38.1,25108.6,40796.8,1,1,0,,0,0,0.0,0,0,0,,,0,0,1
57120.3,482.39,,111,38.2,25150.8,40754.7,1,1,0,,0,0,0.0,0,0,0,,,0,0,1
57180.4,482.14,,111,38.1,25123.1,40782.4,1,1,0,,0,0,0.0,0,0,0,,,0,0,1
57240.5,468.46,,111,38.2,25153.5,40752.0,1,1,0,,0,0,0.0,0,0,0,,,0,0,1
57300.1,468.62,,111,38.2,25161.3,40744.1,1,1,0,,0,0,0.0,0,0,0,,,0,0,1
57360.2,482.64,,111,38.3,25229.3,40676.1,1,1,0,,0,0,0.0,0,0,0,,,0,0,1
57420.2,468.12,,111,38.2,25161.5,40744.0,1,1,0,,0,0,0.0,0,0,0,,,0,0,1
57480.3,482.55,,111,37.3,24564.5,41340.9,1,1,0,,0,0,0.0,0,0,0,,,0,0,1
57540.4,468.66,,111,37.3,24550.7,41354.7,1,1,0,,0,0,0.0,0,0,0,,,0,0,1
57600.5,468.8,,111,37.3,24583.6,41321.9,1,1,0,,0,0,0.0,0,0,0,,,0,0,1
57660.1,468.81,,111,37.3,24603.1,41302.4,1,1,0,,0,0,0.0,0,0,0,,,0,0,1
57720.2,482.71,,111,37.4,24617.4,41288.0,1,1,0,,0,0,0.0,0,0,0,,,0,0,1
57780.3,468.82,,111,37.4,24627.0,41278.5,1,1,0,,0,0,0.0,0,0,0,,,0,0,1
57840.4,482.85,,111,37.4,24644.5,41260.9,1,1,0,,0,0,0.0,0,0,0,,,0,0,1
57900.4,482.99,,111,37.4,24650.2,41255.3,1,1,0,,0,0,0.0,0,0,0,,,0,0,1
57960.5,468.97,,111,37.3,24615.6,41289.9,1,1,0,,0,0,0.0,0,0,0,,,0,0,1
58020.1,483.0,,111,37.4,24626.1,41279.3,1,1,0,,0,0,0.0,0,0,0,,,0,0,1
58080.2,483.01,,111,37.4,24653.2,41252.2,1,1,0,,0,0,0.0,0,0,0,,,0,0,1
58140.3,468.99,,111,37.4,24672.9,41232.6,1,1,0,,0,0,0.0,0,0,0,,,0,0,1
58200.3,483.02,,111,37.5,24699.4,41206.0,1,1,0,,0,0,0.0,0,0,0,,,0,0,1
58260.4,469.02,,111,37.5,24701.6,41203.9,1,1,0,,0,0,0.0,0,0,0,,,0,0,1
58320.5,482.78,,111,37.5,24705.9,41199.6,1,1,0,,0,0,0.0,0,0,0,,,0,0,1
58380.1,482.79,,111,37.5,24739.6,41165.8,1,1,0,,0,0,0.0,0,0,0,,,0,0,1
58440.2,468.89,,111,37.5,24737.1,41168.4,1,1,0,,0,0,0.0,0,0,0,,,0,0,1
58500.3,483.06,,111,37.6,24748.0,41157.4,1,1,0,,0,0,0.0,0,0,0,,,0,0,1
58560.4,468.78,,111,37.6,24760.5,41144.9,1,1,0,,0,0,0.0,0,0,0,,,0,0,1
58620.4,487.99,,111,37.6,24807.1,41098.4,1,1,0,,0,0,0.0,0,0,0,,,0,0,1
58680.5,488.13,,111,37.9,24996.5,40908.9,1,1,0,,0,0,0.0,0,0,0,,,0,0,1
58740.1,488.3,,111,37.6,24804.2,41101.3,1,1,0,,0,0,0.0,0,0,0,,,0,0,1
58800.2,472.72,,111,37.6,24790.8,41114.6,1,1,0,,0,0,0.0,0,0,0,,,0,0,1
58860.3,482.85,,111,37.5,24741.4,41164.1,1,1,0,,0,0,0.0,0,0,0,,,0,0,1
58920.4,472.47,,111,37.5,24736.8,41168.6,1,1,0,,0,0,0.0,0,0,0,,,0,0,1
58980.4,488.2,,111,37.7,24847.9,41057.5,1,1,0,,0,0,0.0,0,0,0,,,0,0,1
59040.0,486.8,,111,37.6,24797.3,41108.1,1,1,0,,0,0,0.0,0,0,0,,,0,0,1
59100.1,483.17,,111,37.7,24848.2,41057.2,1,1,0,,0,0,0.0,0,0,0,,,0,0,1
59160.1,468.9,,111,37.6,24795.2,41110.2,1,1,0,,0,0,0.0,0,0,0,,,0,0,1
59220.2,469.03,,111,37.6,24782.9,41122.5,1,1,0,,0,0,0.0,0,0,0,,,0,0,1
59280.3,469.16,,111,37.7,24835.8,41069.7,1,1,0,,0,0,0.0,0,0,0,,,0,0,1
59340.4,469.16,,111,37.6,24807.4,41098.1,1,1,0,,0,0,0.0,0,0,0,,,0,0,1
59400.5,468.72,,111,37.7,24870.0,41035.5,1,1,0,,0,0,0.0,0,0,0,,,0,0,1
59460.0,469.05,,111,37.8,24894.3,41011.1,1,1,0,,0,0,0.0,0,0,0,,,0,0,1
59520.1,469.18,,111,37.8,24892.1,41013.3,1,1,0,,0,0,0.0,0,0,0,,,0,0,1
59580.2,469.18,,111,37.8,24889.2,41016.3,1,1,0,,0,0,0.0,0,0,0,,,0,0,1
59640.2,483.22,,111,37.8,24923.4,40982.0,1,1,0,,0,0,0.0,0,0,0,,,0,0,1
59700.3,469.0,,111,37.8,24902.3,41003.2,1,1,0,,0,0,0.0,0,0,0,,,0,0,1
59760.4,469.22,,111,37.8,24923.1,40982.3,1,1,0,,0,0,0.0,0,0,0,,,0,0,1
59820.4,483.25,,111,37.8,24937.1,40968.4,1,1,0,,0,0,0.0,0,0,0,,,0,0,1
59880.5,469.23,,111,37.9,24947.6,40957.9,1,1,0,,0,0,0.0,0,0,0,,,0,0,1
59940.1,484.45,,111,37.9,24999.7,40905.7,1,1,0,,0,0,0.0,0,0,0,,,0,0,1
60000.1,483.27,,111,37.9,24996.2,40909.2,1,1,0,,0,0,0.0,0,0,0,,,0,0,1
60060.2,483.27,,111,37.9,25007.3,40898.1,1,1,0,,0,0,0.0,0,0,0,,,0,0,1
60120.3,483.28,,111,37.9,25010.6,40894.9,1,1,0,,0,0,0.0,0,0,0,,,0,0,1
60180.3,469.26,,111,37.9,24974.4,40931.1,1,1,0,,0,0,0.0,0,0,0,,,0,0,1
60240.4,469.13,,111,38.0,25016.7,40888.8,1,1,0,,0,0,0.0,0,0,0,,,0,0,1
60300.5,469.13,,111,38.0,25023.8,40881.6,1,1,0,,0,0,0.0,0,0,0,,,0,0,1
60360.1,483.14,,110,38.0,25049.8,40855.7,1,1,0,,0,0,0.0,0,0,0,,,0,0,1
60420.1,483.16,,111,38.0,25074.1,40831.4,1,1,0,,0,0,0.0,0,0,0,,,0,0,1
60480.2,469.27,,111,38.0,25055.4,40850.1,1,1,0,,0,0,0.0,0,0,0,,,0,0,1
60540.3,469.01,,111,38.0,25059.2,40846.2,1,1,0,,0,0,0.0,0,0,0,,,0,0,1
60600.4,469.01,,111,38.1,25133.9,40771.6,1,1,0,,0,0,0.0,0,0,0,,,0,0,1
60660.5,483.05,,111,38.1,25124.3,40781.1,1,1,0,,0,0,0.0,0,0,0,,,0,0,1
60720.1,469.16,,111,38.1,25105.6,40799.9,1,1,0,,0,0,0.0,0,0,0,,,0,0,1
60780.2,469.3,,111,38.1,25141.7,40763.8,1,1,0,,0,0,0.0,0,0,0,,,0,0,1
60840.2,483.11,,111,38.2,25167.9,40737.5,1,1,0,,0,0,0.0,0,0,0,,,0,0,1
60900.3,488.12,,111,38.2,25199.0,40706.5,1,1,0,,0,0,0.0,0,0,0,,,0,0,1
60960.4,488.4,,111,38.3,25249.9,40655.5,1,1,0,,0,0,0.0,0,0,0,,,0,0,1
61020.5,488.53,,111,38.3,25232.3,40673.1,1,1,0,,0,0,0.0,0,0,0,,,0,0,1
61080.1,488.05,,110,37.2,24517.9,41387.6,1,1,0,,0,0,0.0,0,0,0,,,0,0,1
61140.2,485.33,,111,37.3,24564.2,41341.3,1,1,0,,0,0,0.0,0,0,0,,,0,0,1
61200.2,469.34,,111,37.3,24606.7,41298.8,1,1,0,,0,0,0.0,0,0,0,,,0,0,1
61260.3,485.97,,111,37.3,24557.0,41348.5,1,1,0,,0,0,0.0,0,0,0,,,0,0,1
61320.4,466.88,,111,37.3,24594.7,41310.7,1,1,0,,0,0,0.0,0,0,0,,,0,0,1
61380.4,480.87,,111,37.4,24616.0,41289.5,1,1,0,,0,0,0.0,0,0,0,,,0,0,1
61440.0,481.28,,111,37.4,24657.8,41247.6,1,1,0,,0,0,0.0,0,0,0,,,0,0,1
61500.1,468.26,,111,37.3,24574.5,41331.0,1,1,0,,0,0,0.0,0,0,0,,,0,0,1
61560.2,468.31,,111,37.4,24616.3,41289.2,1,1,0,,0,0,0.0,0,0,0,,,0,0,1
61620.3,482.4,,111,37.4,24617.0,41288.4,1,1,0,,0,0,0.0,0,0,0,,,0,0,1
61680.3,482.34,,111,37.5,24713.8,41191.7,1,1,0,,0,0,0.0,0,0,0,,,0,0,1
61740.4,483.89,,111,37.5,24711.5,41194.0,1,1,0,,0,0,0.0,0,0,0,,,0,0,1
61800.4,468.71,,111,37.5,24710.0,41195.5,1,1,0,,0,0,0.0,0,0,0,,,0,0,1
61860.0,482.74,,111,37.5,24734.2,41171.2,1,1,0,,0,0,0.0,0,0,0,,,0,0,1
61920.1,482.75,,111,37.6,24761.0,41144.5,1,1,0,,0,0,0.0,0,0,0,,,0,0,1
61980.2,468.92,,111,37.6,24779.6,41125.8,1,1,0,,0,0,0.0,0,0,0,,,0,0,1
62040.2,482.95,,111,37.7,24826.5,41078.9,1,1,0,,0,0,0.0,0,0,0,,,0,0,1
62100.3,482.95,,111,37.6,24792.6,41112.9,1,1,0,,0,0,0.0,0,0,0,,,0,0,1
62160.4,468.96,,111,37.6,24801.6,41103.8,1,1,0,,0,0,0.0,0,0,0,,,0,0,1
62220.0,469.07,,111,37.7,24819.6,41085.8,1,1,0,,0,0,0.0,0,0,0,,,0,0,1
62280.1,469.07,,111,37.6,24799.7,41105.7,1,1,0,,0,0,0.0,0,0,0,,,0,0,1
62340.2,483.11,,111,37.8,24882.6,41022.8,1,1,0,,0,0,0.0,0,0,0,,,0,0,1
62400.3,467.94,,111,37.8,24883.7,41021.7,1,1,0,,0,0,0.0,0,0,0,,,0,0,1
62460.4,468.03,,111,37.8,24886.0,41019.5,1,1,0,,0,0,0.0,0,0,0,,,0,0,1
62520.4,467.68,,111,37.8,24905.3,41000.2,1,1,0,,0,0,0.0,0,0,0,,,0,0,1
62580.5,482.43,,111,37.8,24943.4,40962.1,1,1,0,,0,0,0.0,0,0,0,,,0,0,1
62640.1,483.28,,111,37.9,24975.4,40930.1,1,1,0,,0,0,0.0,0,0,0,,,0,0,1
62700.2,483.3,,110,37.9,24980.8,40924.6,1,1,0,,0,0,0.0,0,0,0,,,0,0,1
62760.2,483.35,,111,37.9,24971.1,40934.3,1,1,0,,0,0,0.0,0,0,0,,,0,0,1
62820.3,469.25,,111,37.8,24944.1,40961.3,1,1,0,,0,0,0.0,0,0,0,,,0,0,1
62880.4,483.6,,111,37.9,24966.2,40939.2,1,1,0,,0,0,0.0,0,0,0,,,0,0,1
62940.5,469.63,,111,37.9,24950.6,40954.8,1,1,0,,0,0,0.0,0,0,0,,,0,0,1
63000.1,483.67,,111,38.1,25115.9,40789.5,1,1,0,,0,0,0.0,0,0,0,,,0,0,1
63060.2,483.67,,111,38.1,25122.7,40782.8,1,1,0,,0,0,0.0,0,0,0,,,0,0,1
63120.2,469.77,,111,38.2,25166.3,40739.1,1,1,0,,0,0,0.0,0,0,0,,,0,0,1
63180.3,470.96,,111,38.4,25324.7,40580.8,1,1,0,,0,0,0.0,0,0,0,,,0,0,1
63240.4,469.79,,111,38.4,25315.3,40590.1,1,1,0,,0,0,0.0,0,0,0,,,0,0,1
63300.5,469.79,,111,38.5,25365.1,40540.3,1,1,0,,0,0,0.0,0,0,0,,,0,0,1
63360.1,470.92,,111,38.5,25369.2,40536.2,1,1,0,,0,0,0.0,0,0,0,,,0,0,1
63420.2,488.95,,111,38.5,25357.5,40548.0,1,1,0,,0,0,0.0,0,0,0,,,0,0,1
63480.2,469.74,,111,38.5,25400.3,40505.2,1,1,0,,0,0,0.0,0,0,0,,,0,0,1
63540.3,488.96,,111,38.6,25432.8,40472.7,1,1,0,,0,0,0.0,0,0,0,,,0,0,1
63600.4,483.91,,111,38.6,25455.9,40449.6,1,1,0,,0,0,0.0,0,0,0,,,0,0,1
63660.0,483.67,,111,38.6,25428.9,40476.6,1,1,0,,0,0,0.0,0,0,0,,,0,0,1
63720.1,469.75,,111,38.7,25479.5,40425.9,1,1,0,,0,0,0.0,0,0,0,,,0,0,1
63780.1,483.75,,110,38.9,25641.7,40263.8,1,1,0,,0,0,0.0,0,0,0,,,0,0,1
63840.2,489.07,,111,38.8,25566.3,40339.2,1,1,0,,0,0,0.0,0,0,0,,,0,0,1
63900.3,484.01,,111,38.8,25602.6,40302.9,1,1,0,,0,0,0.0,0,0,0,,,0,0,1
63960.4,489.01,,111,38.8,25581.0,40324.4,1,1,0,,0,0,0.0,0,0,0,,,0,0,1
64020.5,469.82,,111,39.0,25703.3,40202.1,1,1,0,,0,0,0.0,0,0,0,,,0,0,1
64080.0,483.92,,111,39.0,25692.4,40213.1,1,1,0,,0,0,0.0,0,0,0,,,0,0,1
64140.1,490.43,,111,39.0,25715.9,40189.6,1,1,0,,0,0,0.0,0,0,0,,,0,0,1
64200.2,484.05,,111,39.1,25774.8,40130.7,1,1,0,,0,0,0.0,0,0,0,,,0,0,1
64260.3,469.77,,111,38.5,25373.9,40531.6,1,1,0,,0,0,0.0,0,0,0,,,0,0,1
64320.4,483.93,,111,38.5,25396.7,40508.7,1,1,0,,0,0,0.0,0,0,0,,,0,0,1
64380.4,484.07,,111,38.6,25427.8,40477.6,1,1,0,,0,0,0.0,0,0,0,,,0,0,1
64440.0,484.07,,111,38.6,25436.5,40468.9,1,1,0,,0,0,0.0,0,0,0,,,0,0,1
64500.1,483.6,,110,38.6,25429.5,40476.0,1,1,0,,0,0,0.0,0,0,0,,,0,0,1
64560.2,483.96,,111,38.9,25663.1,40242.3,1,1,0,,0,0,0.0,0,0,0,,,0,0,1
64620.3,487.73,,111,39.0,25671.4,40234.1,1,1,0,,0,0,0.0,0,0,0,,,0,0,1
64680.4,484.1,,111,37.8,24942.0,40963.4,1,1,0,,0,0,0.0,0,0,0,,,0,0,1
64740.5,484.11,,111,37.8,24882.7,41022.8,1,1,0,,0,0,0.0,0,0,0,,,0,0,1
64800.0,483.99,,111,37.8,24923.8,40981.7,1,1,0,,0,0,0.0,0,0,0,,,0,0,1
64860.1,470.1,,111,37.8,24887.3,41018.2,1,1,0,,0,0,0.0,0,0,0,,,0,0,1
64920.2,470.11,,111,37.8,24916.4,40989.1,1,1,0,,0,0,0.0,0,0,0,,,0,0,1
64980.3,470.11,,111,38.0,25024.6,40880.8,1,1,0,,0,0,0.0,0,0,0,,,0,0,1
65040.3,484.12,,110,37.9,24969.5,40935.9,1,1,0,,0,0,0.0,0,0,0,,,0,0,1
65100.4,484.16,,111,38.0,25026.2,40879.3,1,1,0,,0,0,0.0,0,0,0,,,0,0,1
65160.0,470.13,,111,37.9,24997.1,40908.3,1,1,0,,0,0,0.0,0,0,0,,,0,0,1
65220.1,470.15,,111,37.9,24992.7,40912.8,1,1,0,,0,0,0.0,0,0,0,,,0,0,1
65280.2,484.17,,111,38.0,25021.6,40883.9,1,1,0,,0,0,0.0,0,0,0,,,0,0,1
65340.3,470.15,,111,38.0,25032.8,40872.7,1,1,0,,0,0,0.0,0,0,0,,,0,0,1
65400.3,470.16,,111,38.0,25068.2,40837.2,1,1,0,,0,0,0.0,0,0,0,,,0,0,1
65460.4,489.38,,111,38.3,25236.8,40668.6,1,1,0,,0,0,0.0,0,0,0,,,0,0,1
65520.0,484.22,,111,38.2,25205.5,40699.9,1,1,0,,0,0,0.0,0,0,0,,,0,0,1
65580.1,483.79,,110,38.3,25217.7,40687.8,1,1,0,,0,0,0.0,0,0,0,,,0,0,1
65640.2,483.48,,111,38.3,25225.6,40679.8,1,1,0,,0,0,0.0,0,0,0,,,0,0,1
65700.3,482.55,,111,38.2,25203.1,40702.4,1,1,0,,0,0,0.0,0,0,0,,,0,0,1
65760.3,470.56,,111,38.1,25107.8,40797.6,1,1,0,,0,0,0.0,0,0,0,,,0,0,1
65820.4,485.6,,111,38.2,25147.3,40758.2,1,1,0,,0,0,0.0,0,0,0,,,0,0,1
65880.0,471.58,,111,38.2,25171.7,40733.7,1,1,0,,0,0,0.0,0,0,0,,,0,0,1
65940.1,471.32,,111,38.2,25199.9,40705.5,1,1,0,,0,0,0.0,0,0,0,,,0,0,1
66000.2,471.59,,111,38.2,25175.0,40730.5,1,1,0,,0,0,0.0,0,0,0,,,0,0,1
66060.3,485.74,,111,38.3,25209.7,40695.8,1,1,0,,0,0,0.0,0,0,0,,,0,0,1
66120.3,485.74,,110,38.3,25216.7,40688.8,1,1,0,,0,0,0.0,0,0,0,,,0,0,1
66180.4,471.74,,111,38.3,25254.8,40650.7,1,1,0,,0,0,0.0,0,0,0,,,0,0,1
66240.0,471.54,,111,38.2,25203.8,40701.6,1,1,0,,0,0,0.0,0,0,0,,,0,0,1
66300.1,485.99,,111,38.3,25238.3,40667.2,1,1,0,,0,0,0.0,0,0,0,,,0,0,1
66360.2,471.97,,111,38.2,25204.5,40700.9,1,1,0,,0,0,0.0,0,0,0,,,0,0,1
66420.2,471.97,,111,38.6,25446.3,40459.1,1,1,0,,0,0,0.0,0,0,0,,,0,0,1
66480.3,471.98,,111,38.6,25453.5,40452.0,1,1,0,,0,0,0.0,0,0,0,,,0,0,1
66540.4,485.88,,111,38.6,25456.0,40449.5,1,1,0,,0,0,0.0,0,0,0,,,0,0,1
66600.5,472.2,,111,38.6,25435.0,40470.5,1,1,0,,0,0,0.0,0,0,0,,,0,0,1
66660.0,486.21,,110,38.7,25524.5,40380.9,1,1,0,,0,0,0.0,0,0,0,,,0,0,1
66720.1,493.41,,111,38.7,25495.5,40409.9,1,1,0,,0,0,0.0,0,0,0,,,0,0,1
66780.2,472.09,,111,39.0,25688.0,40217.5,1,1,0,,0,0,0.0,0,0,0,,,0,0,1
66840.3,472.22,,111,39.0,25693.9,40211.5,1,1,0,,0,0,0.0,0,0,0,,,0,0,1
66900.4,472.23,,111,39.0,25731.5,40174.0,1,1,0,,0,0,0.0,0,0,0,,,0,0,1
66960.5,469.91,,111,38.9,25646.5,40259.0,1,1,0,,0,0,0.0,0,0,0,,,0,0,1
67020.1,470.79,,111,39.0,25687.5,40217.9,1,1,0,,0,0,0.0,0,0,0,,,0,0,1
67080.1,489.55,,111,38.9,25660.6,40244.8,1,1,0,,0,0,0.0,0,0,0,,,0,0,1
67140.2,470.66,,111,39.0,25691.7,40213.8,1,1,0,,0,0,0.0,0,0,0,,,0,0,1
67200.3,471.68,,111,39.0,25719.9,40185.5,1,1,0,,0,0,0.0,0,0,0,,,0,0,1
67260.4,485.71,,111,39.2,25806.5,40098.9,1,1,0,,0,0,0.0,0,0,0,,,0,0,1
67320.4,485.74,,111,39.2,25806.9,40098.5,1,1,0,,0,0,0.0,0,0,0,,,0,0,1
67380.0,471.56,,110,39.3,25921.6,39983.8,1,1,0,,0,0,0.0,0,0,0,,,0,0,1
67440.1,485.75,,111,40.1,26420.9,39484.5,1,1,0,,0,0,0.0,0,0,0,,,0,0,1
67500.1,485.91,,111,40.4,26610.2,39295.3,1,1,0,,0,0,0.0,0,0,0,,,0,0,1
67560.2,485.92,,111,40.5,26711.2,39194.2,1,1,0,,0,0,0.0,0,0,0,,,0,0,1
67620.3,485.94,,111,39.8,26214.8,39690.6,1,1,0,,0,0,0.0,0,0,0,,,0,0,1
67680.4,471.93,,111,39.7,26177.8,39727.7,1,1,0,,0,0,0.0,0,0,0,,,0,0,1
67740.5,471.94,,111,39.8,26223.0,39682.4,1,1,0,,0,0,0.0,0,0,0,,,0,0,1
67800.0,486.05,,111,39.8,26225.6,39679.9,1,1,0,,0,0,0.0,0,0,0,,,0,0,1
67860.1,472.03,,111,40.2,26511.0,39394.4,1,1,0,,0,0,0.0,0,0,0,,,0,0,1
67920.2,486.06,,110,40.7,26802.2,39103.3,1,1,0,,0,0,0.0,0,0,0,,,0,0,1
67980.3,471.92,,111,41.6,27398.2,38507.2,1,1,0,,0,0,0.0,0,0,0,,,0,0,1
68040.4,487.14,,111,41.5,27362.1,38543.4,1,1,0,,0,0,0.0,0,0,0,,,0,0,1
68100.0,472.16,,111,41.5,27324.0,38581.4,1,1,0,,0,0,0.0,0,0,0,,,0,0,1
68160.1,486.34,,111,41.5,27370.9,38534.6,1,1,0,,0,0,0.0,0,0,0,,,0,0,1
68220.1,472.32,,111,42.0,27684.6,38220.9,1,1,0,,0,0,0.0,0,0,0,,,0,0,1
68280.2,472.08,,111,40.4,26606.3,39299.2,1,1,0,,0,0,0.0,0,0,0,,,0,0,1
68340.3,472.21,,111,40.3,26592.7,39312.8,1,1,0,,0,0,0.0,0,0,0,,,0,0,1
68400.4,472.35,,111,40.2,26526.3,39379.1,1,1,0,,0,0,0.0,0,0,0,,,0,0,1
68460.0,486.36,,110,40.3,26546.7,39358.8,1,1,0,,0,0,0.0,0,0,0,,,0,0,1
68520.1,484.76,,111,40.4,26619.2,39286.3,1,1,0,,0,0,0.0,0,0,0,,,0,0,1
68580.2,486.18,,111,40.4,26611.6,39293.8,1,1,0,,0,0,0.0,0,0,0,,,0,0,1
68640.2,486.4,,111,40.3,26561.0,39344.4,1,1,0,,0,0,0.0,0,0,0,,,0,0,1
68700.5,472.38,,111,40.5,26667.1,39238.3,1,1,0,,0,0,0.0,0,0,0,,,0,0,1
68760.1,486.41,,111,40.5,26679.2,39226.2,1,1,0,,0,0,0.0,0,0,0,,,0,0,1
68820.1,472.2,,111,40.4,26622.9,39282.6,1,1,0,,0,0,0.0,0,0,0,,,0,0,1
68880.2,486.42,,111,40.5,26704.0,39201.5,1,1,0,,0,0,0.0,0,0,0,,,0,0,1
68940.3,472.4,,111,39.5,26060.5,39845.0,1,1,0,,0,0,0.0,0,0,0,,,0,0,1
69000.3,472.38,,110,39.6,26067.2,39838.2,1,1,0,,0,0,0.0,0,0,0,,,0,0,1
69060.4,472.41,,111,39.6,26081.0,39824.4,1,1,0,,0,0,0.0,0,0,0,,,0,0,1
69120.0,486.32,,111,39.6,26099.5,39805.9,1,1,0,,0,0,0.0,0,0,0,,,0,0,1
69180.1,486.46,,111,39.6,26109.2,39796.3,1,1,0,,0,0,0.0,0,0,0,,,0,0,1
69240.2,472.44,,111,39.6,26103.0,39802.4,1,1,0,,0,0,0.0,0,0,0,,,0,0,1
69300.3,472.46,,111,41.3,27207.3,38698.2,1,1,0,,0,0,0.0,0,0,0,,,0,0,1
69360.3,486.49,,111,41.6,27421.5,38483.9,1,1,0,,0,0,0.0,0,0,0,,,0,0,1
69420.4,472.48,,111,41.6,27440.8,38464.7,1,1,0,,0,0,0.0,0,0,0,,,0,0,1
69480.0,486.5,,111,41.8,27551.6,38353.8,1,1,0,,0,0,0.0,0,0,0,,,0,0,1
69540.2,472.46,,110,41.8,27536.4,38369.1,1,1,0,,0,0,0.0,0,0,0,,,0,0,1
69600.3,486.51,,111,41.7,27494.6,38410.8,1,1,0,,0,0,0.0,0,0,0,,,0,0,1
69660.4,472.23,,111,41.7,27500.3,38405.1,1,1,0,,0,0,0.0,0,0,0,,,0,0,1
69720.5,486.33,,111,41.7,27493.1,38412.3,1,1,0,,0,0,0.0,0,0,0,,,0,0,1
69780.1,486.34,,111,41.8,27530.0,38375.5,1,1,0,,0,0,0.0,0,0,0,,,0,0,1
69840.1,472.4,,111,41.3,27214.0,38691.5,1,1,0,,0,0,0.0,0,0,0,,,0,0,1
69900.2,483.35,,111,41.4,27291.4,38614.0,1,1,0,,0,0,0.0,0,0,0,,,0,0,1
69960.3,469.14,,111,41.3,27242.5,38662.9,1,1,0,,0,0,0.0,0,0,0,,,0,0,1
70020.4,483.59,,111,41.4,27305.1,38600.4,1,1,0,,0,0,0.0,0,0,0,,,0,0,1
70080.5,484.6,,110,41.4,27281.8,38623.6,1,1,0,,0,0,0.0,0,0,0,,,0,0,1
70140.0,472.57,,111,41.4,27302.8,38602.6,1,1,0,,0,0,0.0,0,0,0,,,0,0,1
70200.1,485.46,,111,41.5,27336.8,38568.6,1,1,0,,0,0,0.0,0,0,0,,,0,0,1
70260.2,471.31,,110,41.4,27308.6,38596.9,1,1,0,,0,0,0.0,0,0,0,,,0,0,1
70320.3,490.61,,111,41.5,27372.6,38532.8,1,1,0,,0,0,0.0,0,0,0,,,0,0,1
70380.4,485.78,,111,41.6,27385.4,38520.1,1,1,0,,0,0,0.0,0,0,0,,,0,0,1
70440.4,471.81,,111,41.5,27336.7,38568.8,1,1,0,,0,0,0.0,0,0,0,,,0,0,1
70500.0,471.55,,111,41.5,27363.6,38541.8,1,1,0,,0,0,0.0,0,0,0,,,0,0,1
70560.1,485.66,,111,41.5,27370.1,38535.3,1,1,0,,0,0,0.0,0,0,0,,,0,0,1
70620.2,491.04,,111,41.6,27397.5,38508.0,1,1,0,,0,0,0.0,0,0,0,,,0,0,1
70680.3,486.01,,111,41.7,27483.5,38422.0,1,1,0,,0,0,0.0,0,0,0,,,0,0,1
70740.3,471.99,,111,41.6,27438.7,38466.8,1,1,0,,0,0,0.0,0,0,0,,,0,0,1
70800.4,485.54,,110,41.7,27475.8,38429.6,1,1,0,,0,0,0.0,0,0,0,,,0,0,1
70860.5,485.9,,111,41.7,27464.5,38441.0,1,1,0,,0,0,0.0,0,0,0,,,0,0,1
70920.1,477.22,,111,41.7,27461.5,38443.9,1,1,0,,0,0,0.0,0,0,0,,,0,0,1
70980.2,472.03,,111,41.7,27457.7,38447.8,1,1,0,,0,0,0.0,0,0,0,,,0,0,1
71040.3,472.04,,111,41.8,27524.7,38380.7,1,1,0,,0,0,0.0,0,0,0,,,0,0,1
71100.3,471.92,,111,41.7,27490.3,38415.1,1,1,0,,0,0,0.0,0,0,0,,,0,0,1
71160.4,472.06,,111,42.0,27667.4,38238.0,1,1,0,,0,0,0.0,0,0,0,,,0,0,1
71220.0,487.29,,111,43.0,28355.6,37549.9,1,1,0,,0,0,0.0,0,0,0,,,0,0,1
71280.1,486.12,,111,43.5,28642.6,37262.9,1,1,0,,0,0,0.0,0,0,0,,,0,0,1
71340.2,486.1,,110,44.4,29292.8,36612.7,1,1,0,,0,0,0.0,0,0,0,,,0,0,1
71400.3,473.42,,111,44.4,29289.2,36616.2,1,1,0,,0,0,0.0,0,0,0,,,0,0,1
71460.4,472.24,,111,45.3,29832.2,36073.3,1,1,0,,0,0,0.0,0,0,0,,,0,0,1
71520.5,472.24,,111,45.2,29809.9,36095.5,1,1,0,,0,0,0.0,0,0,0,,,0,0,1
71580.1,486.26,,111,45.2,29764.0,36141.5,1,1,0,,0,0,0.0,0,0,0,,,0,0,1
71640.1,486.2,,111,45.5,29978.0,35927.4,1,1,0,,0,0,0.0,0,0,0,,,0,0,1
71700.2,486.2,,111,45.9,30277.9,35627.6,1,1,0,,0,0,0.0,0,0,0,,,0,0,1
71760.3,486.2,,111,45.9,30275.8,35629.7,1,1,0,,0,0,0.0,0,0,0,,,0,0,1
71820.3,472.18,,111,45.7,30139.6,35765.9,1,1,0,,0,0,0.0,0,0,0,,,0,0,1
71880.4,472.3,,110,44.7,29458.8,36446.6,1,1,0,,0,0,0.0,0,0,0,,,0,0,1
71940.0,482.1,,111,45.8,30211.7,35693.8,1,1,0,,0,0,0.0,0,0,0,,,0,0,1
72000.1,486.08,,111,46.1,30409.8,35495.7,1,1,0,,0,0,0.0,0,0,0,,,0,0,1
72060.1,487.4,,111,45.9,30257.9,35647.6,1,1,0,,0,0,0.0,0,0,0,,,0,0,1
72120.2,489.85,,111,44.3,29171.9,36733.6,1,1,0,,0,0,0.0,0,0,0,,,0,0,1
72180.3,472.4,,111,44.3,29218.3,36687.2,1,1,0,,0,0,0.0,0,0,0,,,0,0,1
72240.4,472.13,,111,44.3,29185.0,36720.5,1,1,0,,0,0,0.0,0,0,0,,,0,0,1
72300.5,486.15,,111,44.3,29182.0,36723.5,1,1,0,,0,0,0.0,0,0,0,,,0,0,1
72360.0,486.29,,111,44.5,29313.6,36591.8,1,1,0,,0,0,0.0,0,0,0,,,0,0,1
72420.1,472.38,,110,44.4,29279.7,36625.8,1,1,0,,0,0,0.0,0,0,0,,,0,0,1
72480.2,472.08,,111,44.4,29286.4,36619.0,1,1,0,,0,0,0.0,0,0,0,,,0,0,1
72540.3,486.17,,111,44.6,29414.4,36491.1,1,1,0,,0,0,0.0,0,0,0,,,0,0,1
72600.4,486.31,,111,43.9,28961.7,36943.8,1,1,0,,0,0,0.0,0,0,0,,,0,0,1
72660.4,486.45,,111,44.1,29091.4,36814.0,1,1,0,,0,0,0.0,0,0,0,,,0,0,1
72720.5,469.5,,111,44.1,29047.3,36858.1,1,1,0,,0,0,0.0,0,0,0,,,0,0,1
72780.0,483.38,,111,44.1,29048.0,36857.5,1,1,0,,0,0,0.0,0,0,0,,,0,0,1
72840.1,484.54,,111,44.3,29188.0,36717.4,1,1,0,,0,0,0.0,0,0,0,,,0,0,1
72900.2,484.97,,111,45.0,29631.8,36273.7,1,1,0,,0,0,0.0,0,0,0,,,0,0,1
72960.3,471.8,,110,44.4,29267.2,36638.2,1,1,0,,0,0,0.0,0,0,0,,,0,0,1
73020.3,471.91,,111,43.6,28728.4,37177.0,1,1,0,,0,0,0.0,0,0,0,,,0,0,1
73080.4,471.67,,111,43.6,28747.5,37158.0,1,1,0,,0,0,0.0,0,0,0,,,0,0,1
73140.0,485.83,,111,43.7,28791.1,37114.3,1,1,0,,0,0,0.0,0,0,0,,,0,0,1
73200.1,486.33,,111,43.8,28836.6,37068.8,1,1,0,,0,0,0.0,0,0,0,,,0,0,1
73260.2,486.33,,111,44.0,29004.7,36900.7,1,1,0,,0,0,0.0,0,0,0,,,0,0,1
73320.3,486.34,,111,44.1,29043.7,36861.8,1,1,0,,0,0,0.0,0,0,0,,,0,0,1
73380.4,486.22,,111,43.9,28964.6,36940.9,1,1,0,,0,0,0.0,0,0,0,,,0,0,1
73440.4,486.48,,111,43.9,28959.2,36946.2,1,1,0,,0,0,0.0,0,0,0,,,0,0,1
73500.0,486.48,,111,44.0,29009.3,36896.2,1,1,0,,0,0,0.0,0,0,0,,,0,0,1
73560.1,486.55,,111,44.0,28975.9,36929.5,1,1,0,,0,0,0.0,0,0,0,,,0,0,1
73620.2,486.36,,111,44.0,28977.1,36928.3,1,1,0,,0,0,0.0,0,0,0,,,0,0,1
73680.3,472.54,,110,43.9,28935.8,36969.6,1,1,0,,0,0,0.0,0,0,0,,,0,0,1
73740.4,486.62,,111,44.0,28970.5,36935.0,1,1,0,,0,0,0.0,0,0,0,,,0,0,1
73800.4,486.63,,111,44.0,29027.3,36878.2,1,1,0,,0,0,0.0,0,0,0,,,0,0,1
73860.0,472.61,,111,44.1,29050.3,36855.1,1,1,0,,0,0,0.0,0,0,0,,,0,0,1
73920.1,486.45,,111,43.9,28939.2,36966.2,1,1,0,,0,0,0.0,0,0,0,,,0,0,1
73980.2,486.67,,111,44.0,28971.7,36933.7,1,1,0,,0,0,0.0,0,0,0,,,0,0,1
74040.2,486.69,,111,44.0,28992.1,36913.3,1,1,0,,0,0,0.0,0,0,0,,,0,0,1
74100.3,490.35,,111,43.9,28948.1,36957.4,1,1,0,,0,0,0.0,0,0,0,,,0,0,1
74160.4,472.69,,111,44.0,28974.3,36931.2,1,1,0,,0,0,0.0,0,0,0,,,0,0,1
74220.5,486.59,,110,43.9,28962.4,36943.0,1,1,0,,0,0,0.0,0,0,0,,,0,0,1
74280.1,486.61,,111,44.0,28996.1,36909.3,1,1,0,,0,0,0.0,0,0,0,,,0,0,1
74340.2,491.8,,111,44.1,29034.1,36871.4,1,1,0,,0,0,0.0,0,0,0,,,0,0,1
74400.2,486.67,,111,43.7,28828.7,37076.7,1,1,0,,0,0,0.0,0,0,0,,,0,0,1
74460.3,472.83,,111,43.7,28778.1,37127.4,1,1,0,,0,0,0.0,0,0,0,,,0,0,1
74520.4,491.81,,111,43.6,28759.3,37146.1,1,1,0,,0,0,0.0,0,0,0,,,0,0,1
74580.4,472.61,,111,43.7,28786.7,37118.7,1,1,0,,0,0,0.0,0,0,0,,,0,0,1
74640.0,472.76,,111,43.6,28758.7,37146.7,1,1,0,,0,0,0.0,0,0,0,,,0,0,1
74700.1,492.22,,111,43.6,28752.7,37152.8,1,1,0,,0,0,0.0,0,0,0,,,0,0,1
74760.2,472.73,,110,43.7,28793.2,37112.3,1,1,0,,0,0,0.0,0,0,0,,,0,0,1
74820.2,472.82,,111,43.7,28779.5,37126.0,1,1,0,,0,0,0.0,0,0,0,,,0,0,1
74880.3,486.92,,111,43.7,28808.4,37097.1,1,1,0,,0,0,0.0,0,0,0,,,0,0,1
74940.4,473.03,,111,43.7,28776.7,37128.8,1,1,0,,0,0,0.0,0,0,0,,,0,0,1
75000.5,487.06,,111,43.8,28837.9,37067.5,1,1,0,,0,0,0.0,0,0,0,,,0,0,1
75060.1,486.81,,111,44.1,29047.7,36857.8,1,1,0,,0,0,0.0,0,0,0,,,0,0,1
75120.2,472.93,,111,44.1,29062.5,36843.0,1,1,0,,0,0,0.0,0,0,0,,,0,0,1
75180.2,487.1,,111,44.1,29049.6,36855.9,1,1,0,,0,0,0.0,0,0,0,,,0,0,1
75240.3,473.08,,111,44.1,29087.7,36817.7,1,1,0,,0,0,0.0,0,0,0,,,0,0,1
75300.3,473.06,,110,44.2,29097.3,36808.2,1,1,0,,0,0,0.0,0,0,0,,,0,0,1
75360.4,491.99,,111,44.2,29102.0,36803.4,1,1,0,,0,0,0.0,0,0,0,,,0,0,1
75420.5,486.93,,111,44.2,29107.5,36798.0,1,1,0,,0,0,0.0,0,0,0,,,0,0,1
75480.0,487.08,,111,44.2,29110.8,36794.6,1,1,0,,0,0,0.0,0,0,0,,,0,0,1
75540.1,487.08,,111,43.2,28438.8,37466.7,1,1,0,,0,0,0.0,0,0,0,,,0,0,1
75600.2,491.77,,111,43.1,28408.9,37496.5,1,1,0,,0,0,0.0,0,0,0,,,0,0,1
75660.3,492.16,,111,43.1,28429.0,37476.5,1,1,0,,0,0,0.0,0,0,0,,,0,0,1
75720.3,487.1,,111,43.1,28403.7,37501.8,1,1,0,,0,0,0.0,0,0,0,,,0,0,1
75780.4,487.1,,111,43.3,28528.4,37377.1,1,1,0,,0,0,0.0,0,0,0,,,0,0,1
75840.4,473.07,,110,43.2,28495.8,37409.7,1,1,0,,0,0,0.0,0,0,0,,,0,0,1
75900.1,473.02,,111,43.3,28516.6,37388.9,1,1,0,,0,0,0.0,0,0,0,,,0,0,1
75960.1,473.16,,111,42.9,28252.4,37653.1,1,1,0,,0,0,0.0,0,0,0,,,0,0,1
76020.2,473.18,,111,42.9,28243.8,37661.7,1,1,0,,0,0,0.0,0,0,0,,,0,0,1
76080.3,487.21,,111,43.0,28337.0,37568.4,1,1,0,,0,0,0.0,0,0,0,,,0,0,1
76140.4,474.37,,111,42.9,28294.0,37611.5,1,1,0,,0,0,0.0,0,0,0,,,0,0,1
76200.4,473.19,,111,42.9,28294.8,37610.6,1,1,0,,0,0,0.0,0,0,0,,,0,0,1
76260.5,487.21,,111,43.6,28743.8,37161.6,1,1,0,,0,0,0.0,0,0,0,,,0,0,1
76320.1,473.19,,111,43.8,28845.5,37060.0,1,1,0,,0,0,0.0,0,0,0,,,0,0,1
76380.2,487.22,,111,43.6,28743.0,37162.4,1,1,0,,0,0,0.0,0,0,0,,,0,0,1
76440.2,472.87,,111,43.7,28831.3,37074.1,1,1,0,,0,0,0.0,0,0,0,,,0,0,1
76500.3,487.03,,111,43.7,28783.5,37122.0,1,1,0,,0,0,0.0,0,0,0,,,0,0,1
76560.3,476.63,,110,43.7,28794.1,37111.4,1,1,0,,0,0,0.0,0,0,0,,,0,0,1
76620.4,492.37,,111,43.6,28714.2,37191.3,1,1,0,,0,0,0.0,0,0,0,,,0,0,1
76680.5,483.33,,111,43.1,28408.7,37496.7,1,1,0,,0,0,0.0,0,0,0,,,0,0,1
76740.0,492.24,,111,43.1,28429.2,37476.3,1,1,0,,0,0,0.0,0,0,0,,,0,0,1
76800.1,473.11,,111,43.2,28453.0,37452.5,1,1,0,,0,0,0.0,0,0,0,,,0,0,1
76860.2,481.5,,111,43.3,28569.2,37336.2,1,1,0,,0,0,0.0,0,0,0,,,0,0,1
76920.3,492.53,,111,42.9,28259.6,37645.8,1,1,0,,0,0,0.0,0,0,0,,,0,0,1
76980.4,474.51,,111,42.8,28197.8,37707.7,1,1,0,,0,0,0.0,0,0,0,,,0,0,1
77040.4,485.86,,72,42.6,28088.6,37816.9,1,1,0,,0,0,0.0,0,0,0,,,0,0,1
77100.0,486.35,,110,42.6,28062.6,37842.8,1,1,0,,0,0,0.0,0,0,0,,,0,0,1
77160.1,472.35,,111,42.3,27862.2,38043.3,1,1,0,,0,0,0.0,0,0,0,,,0,0,1
77220.2,487.26,,111,42.2,27840.6,38064.9,1,1,0,,0,0,0.0,0,0,0,,,0,0,1
77280.3,473.26,,112,42.3,27864.4,38041.0,1,1,0,,0,0,0.0,0,0,0,,,0,0,1
77340.4,487.95,,112,42.1,27769.0,38136.4,1,1,0,,0,0,0.0,0,0,0,,,0,0,1
77400.5,486.75,,111,42.2,27785.3,38120.2,1,1,0,,0,0,0.0,0,0,0,,,0,0,1
77460.1,472.74,,111,42.2,27787.1,38118.4,1,1,0,,0,0,0.0,0,0,0,,,0,0,1
77520.2,472.81,,111,42.1,27735.4,38170.1,1,1,0,,0,0,0.0,0,0,0,,,0,0,1
77580.3,472.96,,111,41.8,27548.8,38356.7,1,1,0,,0,0,0.0,0,0,0,,,0,0,1
77640.4,472.69,,110,41.9,27584.2,38321.2,1,1,0,,0,0,0.0,0,0,0,,,0,0,1
77700.4,472.71,,111,41.9,27622.4,38283.0,1,1,0,,0,0,0.0,0,0,0,,,0,0,1
77760.0,472.84,,111,41.9,27609.6,38295.9,1,1,0,,0,0,0.0,0,0,0,,,0,0,1
77820.1,487.01,,111,42.0,27655.9,38249.6,1,1,0,,0,0,0.0,0,0,0,,,0,0,1
77880.2,486.63,,111,42.0,27668.2,38237.2,1,1,0,,0,0,0.0,0,0,0,,,0,0,1
77940.3,468.47,,111,42.0,27652.0,38253.5,1,1,0,,0,0,0.0,0,0,0,,,0,0,1
78000.4,485.44,,111,42.0,27710.9,38194.5,1,1,0,,0,0,0.0,0,0,0,,,0,0,1
78060.4,471.54,,111,42.0,27707.4,38198.1,1,1,0,,0,0,0.0,0,0,0,,,0,0,1
78120.0,485.58,,111,42.1,27739.6,38165.8,1,1,0,,0,0,0.0,0,0,0,,,0,0,1
78180.1,472.45,,110,42.1,27762.0,38143.5,1,1,0,,0,0,0.0,0,0,0,,,0,0,1
78240.2,473.25,,111,42.1,27757.9,38147.6,1,1,0,,0,0,0.0,0,0,0,,,0,0,1
78300.3,473.27,,111,42.1,27760.1,38145.4,1,1,0,,0,0,0.0,0,0,0,,,0,0,1
78360.3,473.29,,111,42.1,27749.5,38155.9,1,1,0,,0,0,0.0,0,0,0,,,0,0,1
78420.4,487.33,,111,42.1,27774.3,38131.1,1,1,0,,0,0,0.0,0,0,0,,,0,0,1
78480.5,487.34,,111,42.1,27771.3,38134.1,1,1,0,,0,0,0.0,0,0,0,,,0,0,1
78540.0,473.38,,111,42.1,27776.4,38129.1,1,1,0,,0,0,0.0,0,0,0,,,0,0,1
78600.1,473.4,,111,42.1,27760.1,38145.3,1,1,0,,0,0,0.0,0,0,0,,,0,0,1
78660.2,487.52,,111,42.5,28029.2,37876.2,1,1,0,,0,0,0.0,0,0,0,,,0,0,1
78720.3,487.74,,110,42.5,28038.7,37866.8,1,1,0,,0,0,0.0,0,0,0,,,0,0,1
78780.4,473.48,,111,42.5,28032.2,37873.3,1,1,0,,0,0,0.0,0,0,0,,,0,0,1
78840.5,487.51,,111,42.5,28012.9,37892.5,1,1,0,,0,0,0.0,0,0,0,,,0,0,1
78900.1,476.0,,111,42.5,28015.0,37890.4,1,1,0,,0,0,0.0,0,0,0,,,0,0,1
78960.2,470.64,,111,42.5,28018.0,37887.4,1,1,0,,0,0,0.0,0,0,0,,,0,0,1
79020.2,470.81,,111,42.5,28033.7,37871.8,1,1,0,,0,0,0.0,0,0,0,,,0,0,1
79080.3,470.86,,111,42.6,28078.5,37826.9,1,1,0,,0,0,0.0,0,0,0,,,0,0,1
79140.4,471.95,,111,42.6,28069.3,37836.2,1,1,0,,0,0,0.0,0,0,0,,,0,0,1
79200.0,472.78,,111,42.7,28140.4,37765.1,1,1,0,,0,0,0.0,0,0,0,,,0,0,1
79260.1,472.83,,110,42.7,28131.1,37774.3,1,1,0,,0,0,0.0,0,0,0,,,0,0,1
79320.2,486.65,,111,42.7,28165.1,37740.4,1,1,0,,0,0,0.0,0,0,0,,,0,0,1
79380.3,472.88,,111,42.7,28119.0,37786.5,1,1,0,,0,0,0.0,0,0,0,,,0,0,1
79440.4,473.31,,110,42.7,28144.2,37761.3,1,1,0,,0,0,0.0,0,0,0,,,0,0,1
79500.5,473.37,,111,42.7,28171.8,37733.7,1,1,0,,0,0,0.0,0,0,0,,,0,0,1
79560.0,473.38,,111,42.7,28166.0,37739.4,1,1,0,,0,0,0.0,0,0,0,,,0,0,1
79620.1,473.0,,111,42.8,28183.9,37721.5,1,1,0,,0,0,0.0,0,0,0,,,0,0,1
79680.2,487.45,,111,42.8,28216.7,37688.7,1,1,0,,0,0,0.0,0,0,0,,,0,0,1
79740.3,473.61,,111,42.8,28201.1,37704.4,1,1,0,,0,0,0.0,0,0,0,,,0,0,1
79800.4,487.78,,111,40.7,26854.5,39050.9,1,1,0,,0,0,0.0,0,0,0,,,0,0,1
79860.5,473.76,,111,40.8,26907.8,38997.6,1,1,0,,0,0,0.0,0,0,0,,,0,0,1
79920.1,487.69,,111,40.5,26674.3,39231.1,1,1,0,,0,0,0.0,0,0,0,,,0,0,1
79980.2,487.9,,110,40.6,26761.7,39143.8,1,1,0,,0,0,0.0,0,0,0,,,0,0,1
80040.3,473.89,,111,40.6,26737.9,39167.5,1,1,0,,0,0,0.0,0,0,0,,,0,0,1
80100.3,487.96,,111,40.6,26761.0,39144.4,1,1,0,,0,0,0.0,0,0,0,,,0,0,1
80160.4,489.15,,111,40.6,26772.6,39132.9,1,1,0,,0,0,0.0,0,0,0,,,0,0,1
80220.0,474.01,,111,40.6,26756.7,39148.8,1,1,0,,0,0,0.0,0,0,0,,,0,0,1
80280.1,474.01,,111,40.6,26750.6,39154.9,1,1,0,,0,0,0.0,0,0,0,,,0,0,1
80340.2,474.01,,111,40.6,26744.7,39160.7,1,1,0,,0,0,0.0,0,0,0,,,0,0,1
80400.3,489.22,,111,40.7,26845.1,39060.3,1,1,0,,0,0,0.0,0,0,0,,,0,0,1
80460.4,487.92,,111,40.7,26848.9,39056.6,1,1,0,,0,0,0.0,0,0,0,,,0,0,1
80520.5,473.87,,110,40.7,26827.9,39077.6,1,1,0,,0,0,0.0,0,0,0,,,0,0,1
80580.1,473.92,,111,40.7,26840.5,39064.9,1,1,0,,0,0,0.0,0,0,0,,,0,0,1
80640.2,473.93,,111,40.7,26842.1,39063.3,1,1,0,,0,0,0.0,0,0,0,,,0,0,1
80700.3,426.55,,72,40.7,26808.2,39097.3,1,1,0,,0,0,0.0,0,0,0,,,0,0,1
80760.3,426.55,,72,40.7,26799.7,39105.7,1,1,0,,0,0,0.0,0,0,0,,,0,0,1
80820.4,468.63,,111,40.8,26896.9,39008.6,1,1,0,,0,0,0.0,0,0,0,,,0,0,1
80880.5,486.81,,111,40.8,26893.4,39012.1,1,1,0,,0,0,0.0,0,0,0,,,0,0,1
80940.1,472.85,,111,40.9,26955.0,38950.5,1,1,0,,0,0,0.0,0,0,0,,,0,0,1
81000.2,488.99,,111,40.9,26948.2,38957.3,1,1,0,,0,0,0.0,0,0,0,,,0,0,1
81060.3,487.94,,110,40.9,26968.4,38937.1,1,1,0,,0,0,0.0,0,0,0,,,0,0,1
81120.3,475.43,,111,40.9,26951.0,38954.4,1,1,0,,0,0,0.0,0,0,0,,,0,0,1
81180.4,489.23,,111,40.9,26967.4,38938.1,1,1,0,,0,0,0.0,0,0,0,,,0,0,1
81240.0,474.05,,111,40.9,26938.3,38967.2,1,1,0,,0,0,0.0,0,0,0,,,0,0,1
81300.1,488.21,,111,41.0,26996.1,38909.4,1,1,0,,0,0,0.0,0,0,0,,,0,0,1
81360.2,474.38,,111,41.0,27002.1,38903.4,1,1,0,,0,0,0.0,0,0,0,,,0,0,1
81420.3,474.39,,111,41.0,27010.0,38895.4,1,1,0,,0,0,0.0,0,0,0,,,0,0,1
81480.4,474.12,,111,40.9,26979.8,38925.7,1,1,0,,0,0,0.0,0,0,0,,,0,0,1
81540.5,474.82,,111,41.0,27023.8,38881.7,1,1,0,,0,0,0.0,0,0,0,,,0,0,1
81600.1,474.38,,110,41.0,27035.2,38870.3,1,1,0,,0,0,0.0,0,0,0,,,0,0,1
81660.2,474.4,,111,41.1,27064.0,38841.4,1,1,0,,0,0,0.0,0,0,0,,,0,0,1
81720.3,474.4,,111,41.1,27080.5,38824.9,1,1,0,,0,0,0.0,0,0,0,,,0,0,1
81780.4,474.14,,111,41.1,27114.9,38790.6,1,1,0,,0,0,0.0,0,0,0,,,0,0,1
81840.4,488.31,,111,41.2,27163.6,38741.9,1,1,0,,0,0,0.0,0,0,0,,,0,0,1
81900.5,474.43,,111,41.2,27133.2,38772.3,1,1,0,,0,0,0.0,0,0,0,,,0,0,1
81960.1,474.43,,111,41.2,27157.9,38747.5,1,1,0,,0,0,0.0,0,0,0,,,0,0,1
82020.2,471.86,,111,41.2,27179.1,38726.4,1,1,0,,0,0,0.0,0,0,0,,,0,0,1
82080.3,471.7,,111,41.2,27157.8,38747.7,1,1,0,,0,0,0.0,0,0,0,,,0,0,1
82140.4,472.67,,110,41.2,27139.3,38766.1,1,1,0,,0,0,0.0,0,0,0,,,0,0,1
82200.5,486.99,,111,41.3,27205.1,38700.3,1,1,0,,0,0,0.0,0,0,0,,,0,0,1
82260.0,474.69,,111,41.3,27196.2,38709.3,1,1,0,,0,0,0.0,0,0,0,,,0,0,1
82320.1,474.52,,111,41.6,27441.4,38464.0,1,1,0,,0,0,0.0,0,0,0,,,0,0,1
82380.2,474.54,,111,41.6,27436.3,38469.2,1,1,0,,0,0,0.0,0,0,0,,,0,0,1
82440.3,474.61,,111,41.6,27434.8,38470.7,1,1,0,,0,0,0.0,0,0,0,,,0,0,1
82500.4,489.16,,111,41.6,27446.8,38458.6,1,1,0,,0,0,0.0,0,0,0,,,0,0,1
82560.5,489.18,,111,41.7,27502.8,38402.7,1,1,0,,0,0,0.0,0,0,0,,,0,0,1
82620.0,476.09,,111,41.7,27502.5,38403.0,1,1,0,,0,0,0.0,0,0,0,,,0,0,1
82680.1,489.07,,111,41.8,27528.5,38377.0,1,1,0,,0,0,0.0,0,0,0,,,0,0,1
82740.2,475.2,,111,41.8,27525.0,38380.4,1,1,0,,0,0,0.0,0,0,0,,,0,0,1
82800.2,475.2,,111,41.8,27580.3,38325.2,1,1,0,,0,0,0.0,0,0,0,,,0,0,1
82860.3,489.21,,110,41.9,27614.1,38291.3,1,1,0,,0,0,0.0,0,0,0,,,0,0,1
82920.4,489.1,,111,41.9,27630.1,38275.3,1,1,0,,0,0,0.0,0,0,0,,,0,0,1
82980.4,489.25,,111,41.9,27634.8,38270.6,1,1,0,,0,0,0.0,0,0,0,,,0,0,1
83040.0,475.23,,111,41.8,27570.4,38335.1,1,1,0,,0,0,0.0,0,0,0,,,0,0,1
83100.1,475.23,,111,41.8,27575.6,38329.9,1,1,0,,0,0,0.0,0,0,0,,,0,0,1
83160.3,475.24,,111,41.9,27595.9,38309.6,1,1,0,,0,0,0.0,0,0,0,,,0,0,1
83220.3,475.19,,111,41.9,27596.9,38308.6,1,1,0,,0,0,0.0,0,0,0,,,0,0,1
83280.4,489.28,,111,41.9,27603.3,38302.2,1,1,0,,0,0,0.0,0,0,0,,,0,0,1
83340.0,475.25,,111,41.9,27590.8,38314.7,1,1,0,,0,0,0.0,0,0,0,,,0,0,1
83400.1,475.24,,110,41.0,27001.3,38904.2,1,1,0,,0,0,0.0,0,0,0,,,0,0,1
83460.2,475.13,,111,41.0,27038.5,38867.0,1,1,0,,0,0,0.0,0,0,0,,,0,0,1
83520.3,475.28,,111,41.0,27024.0,38881.5,1,1,0,,0,0,0.0,0,0,0,,,0,0,1
83580.4,489.31,,111,40.7,26799.4,39106.1,1,1,0,,0,0,0.0,0,0,0,,,0,0,1
83640.4,475.32,,111,40.7,26823.8,39081.7,1,1,0,,0,0,0.0,0,0,0,,,0,0,1
83700.0,475.33,,111,40.7,26839.7,39065.7,1,1,0,,0,0,0.0,0,0,0,,,0,0,1
83760.1,475.21,,111,40.7,26824.8,39080.6,1,1,0,,0,0,0.0,0,0,0,,,0,0,1
83820.2,475.21,,111,40.8,26862.3,39043.1,1,1,0,,0,0,0.0,0,0,0,,,0,0,1
83880.3,475.21,,111,40.9,26925.5,38979.9,1,1,0,,0,0,0.0,0,0,0,,,0,0,1
83940.4,475.19,,110,40.8,26898.9,39006.6,1,1,0,,0,0,0.0,0,0,0,,,0,0,1
84000.5,475.35,,111,40.8,26883.5,39021.9,1,1,0,,0,0,0.0,0,0,0,,,0,0,1
84060.1,475.16,,111,40.8,26916.7,38988.8,1,1,0,,0,0,0.0,0,0,0,,,0,0,1
84120.2,476.41,,111,40.9,26929.0,38976.5,1,1,0,,0,0,0.0,0,0,0,,,0,0,1
84180.3,475.3,,111,40.9,26956.4,38949.1,1,1,0,,0,0,0.0,0,0,0,,,0,0,1
84240.4,489.48,,111,40.9,26972.9,38932.6,1,1,0,,0,0,0.0,0,0,0,,,0,0,1
84300.5,475.25,,111,40.9,26976.7,38928.8,1,1,0,,0,0,0.0,0,0,0,,,0,0,1
84360.1,475.32,,111,40.9,26973.5,38932.0,1,1,0,,0,0,0.0,0,0,0,,,0,0,1
84420.1,475.39,,111,41.0,26989.5,38916.0,1,1,0,,0,0,0.0,0,0,0,,,0,0,1
84480.2,475.52,,110,41.3,27198.9,38706.6,1,1,0,,0,0,0.0,0,0,0,,,0,0,1
84540.3,475.55,,111,41.3,27205.4,38700.0,1,1,0,,0,0,0.0,0,0,0,,,0,0,1
84600.4,489.33,,111,41.3,27241.3,38664.2,1,1,0,,0,0,0.0,0,0,0,,,0,0,1
84660.0,489.46,,111,41.6,27421.6,38483.8,1,1,0,,0,0,0.0,0,0,0,,,0,0,1
84720.1,489.6,,111,41.7,27492.6,38412.8,1,1,0,,0,0,0.0,0,0,0,,,0,0,1
84780.2,475.58,,111,41.8,27540.5,38365.0,1,1,0,,0,0,0.0,0,0,0,,,0,0,1
84840.2,489.61,,111,42.0,27677.8,38227.7,1,1,0,,0,0,0.0,0,0,0,,,0,0,1
84900.3,475.32,,111,41.9,27636.8,38268.7,1,1,0,,0,0,0.0,0,0,0,,,0,0,1
84960.4,475.46,,111,42.0,27670.7,38234.8,1,1,0,,0,0,0.0,0,0,0,,,0,0,1
85020.4,475.57,,110,41.9,27646.5,38259.0,1,1,0,,0,0,0.0,0,0,0,,,0,0,1
85080.0,489.62,,111,42.0,27687.3,38218.2,1,1,0,,0,0,0.0,0,0,0,,,0,0,1
85140.1,489.12,,111,42.0,27711.3,38194.2,1,1,0,,0,0,0.0,0,0,0,,,0,0,1
85200.2,475.49,,111,42.0,27666.3,38239.2,1,1,0,,0,0,0.0,0,0,0,,,0,0,1
85260.3,489.65,,111,42.1,27720.6,38184.8,1,1,0,,0,0,0.0,0,0,0,,,0,0,1
85320.4,475.63,,111,42.0,27695.7,38209.7,1,1,0,,0,0,0.0,0,0,0,,,0,0,1
85380.4,489.66,,111,42.1,27777.7,38127.8,1,1,0,,0,0,0.0,0,0,0,,,0,0,1
85440.0,475.5,,111,42.1,27748.5,38156.9,1,1,0,,0,0,0.0,0,0,0,,,0,0,1
85500.1,489.66,,111,42.2,27785.5,38119.9,1,1,0,,0,0,0.0,0,0,0,,,0,0,1
85560.2,475.65,,111,42.2,27786.7,38118.8,1,1,0,,0,0,0.0,0,0,0,,,0,0,1
85620.3,475.64,,111,42.2,27784.3,38121.2,1,1,0,,0,0,0.0,0,0,0,,,0,0,1
85680.4,476.85,,111,42.2,27806.2,38099.3,1,1,0,,0,0,0.0,0,0,0,,,0,0,1
85740.4,475.65,,110,42.1,27769.6,38135.9,1,1,0,,0,0,0.0,0,0,0,,,0,0,1
85800.5,475.67,,111,42.2,27828.9,38076.6,1,1,0,,0,0,0.0,0,0,0,,,0,0,1
85860.1,475.68,,111,42.3,27847.1,38058.3,1,1,0,,0,0,0.0,0,0,0,,,0,0,1
85920.2,489.72,,111,42.4,27919.2,37986.3,1,1,0,,0,0,0.0,0,0,0,,,0,0,1
85980.3,475.37,,111,42.4,27962.5,37943.0,1,1,0,,0,0,0.0,0,0,0,,,0,0,1
86040.3,488.38,,111,42.4,27932.4,37973.1,1,1,0,,0,0,0.0,0,0,0,,,0,0,1
86100.4,488.39,,111,42.8,28183.4,37722.1,1,1,0,,0,0,0.0,0,0,0,,,0,0,1
86160.5,475.25,,111,42.5,27999.4,37906.1,1,1,0,,0,0,0.0,0,0,0,,,0,0,1
86220.1,489.32,,111,41.9,27604.3,38301.2,1,1,0,,0,0,0.0,0,0,0,,,0,0,1
86280.1,491.37,,110,42.1,27715.5,38190.0,1,1,0,,0,0,0.0,0,0,0,,,0,0,1
86340.2,476.05,,111,42.1,27735.1,38170.4,1,1,0,,0,0,0.0,0,0,0,,,0,0,1
